Dataset,Generator,Fidelity (Quality),Accuracy TSTR,Accuracy Gap,F1 TSTR,F1 Gap,MIA AUC
Adult,CTABGAN,0.895462 ± 0.0558689,0.742705 ± 0.0213692,0.080995 ± 0.0213692,0.738034 ± 0.0200629,0.0798679 ± 0.0200629,0.748667 ± 0.135537
Adult,CTGAN,0.847594 ± 0.0157667,0.791082 ± 0.00687828,0.0326183 ± 0.00687828,0.772152 ± 0.0125331,0.0457499 ± 0.0125331,0.620654 ± 0.0417411
Adult,CopulaGAN,0.891422 ± 0.0100008,0.781397 ± 0.0110898,0.0423033 ± 0.0110898,0.776634 ± 0.00661177,0.0412673 ± 0.00661177,0.622778 ± 0.0311505
Adult,ForestDiffusion,0.77661 ± 0.00135338,0.803662 ± 0.00726459,0.0200383 ± 0.00726459,0.782165 ± 0.0125724,0.0357369 ± 0.0125724,0.972086 ± 0.00849322
Adult,GaussianCopula,0.808236 ± 2.21396e-05,0.735143 ± 0.00239913,0.0885567 ± 0.00239913,0.672234 ± 0.0018333,0.145668 ± 0.0018333,0.891753 ± 0.000238541
Adult,TVAE,0.840051 ± 0.00794742,0.630665 ± 0.054275,0.193035 ± 0.054275,0.586542 ± 0.0645456,0.23136 ± 0.0645456,0.999728 ± 0.000464857
Adult,TabDDPM,0.28638 ± 0.0145688,0.652432 ± 0.067431,0.171268 ± 0.067431,0.588825 ± 0.0714603,0.229077 ± 0.0714603,1 ± 0
Adult,WGAN-GP,0.71711 ± 0.00380066,0.799325 ± 0.00686724,0.024375 ± 0.00686724,0.787542 ± 0.00914326,0.0303596 ± 0.00914326,0.549111 ± 0.0346446
Alzheimer's,CTABGAN,0.331418 ± 0.0221504,0.801009 ± 0.147563,0.124868 ± 0.147563,0.79541 ± 0.153953,0.1304 ± 0.153953,0.910836 ± 0.144881
Alzheimer's,CTGAN,0.71044 ± 0.021354,0.493904 ± 0.0545682,0.431974 ± 0.0545682,0.476655 ± 0.0542511,0.449155 ± 0.0542511,0.847553 ± 0.0814685
Alzheimer's,CopulaGAN,0.694641 ± 0.0164716,0.479211 ± 0.0816604,0.446667 ± 0.0816604,0.455623 ± 0.0889421,0.470187 ± 0.0889421,0.844944 ± 0.0558725
Alzheimer's,ForestDiffusion,0.422413 ± 0.00452641,0.929561 ± 0.0107358,-0.00368421 ± 0.0107358,0.92946 ± 0.0108214,-0.00364991 ± 0.0108214,0.471848 ± 0.0668863
Alzheimer's,GaussianCopula,0.794252 ± 2.03116e-11,0.794298 ± 0,0.131579 ± 0,0.793127 ± 0,0.132683 ± 0,0.940325 ± 0
Alzheimer's,TVAE,0.736647 ± 0.0122803,0.884386 ± 0.0147671,0.0414912 ± 0.0147671,0.883075 ± 0.0154588,0.0427346 ± 0.0154588,0.834444 ± 0.0291687
Alzheimer's,TabDDPM,0.421707 ± 0.0370326,0.488421 ± 0.0239411,0.437456 ± 0.0239411,0.47675 ± 0.0282272,0.44906 ± 0.0282272,0.826667 ± 0.0616703
Alzheimer's,WGAN-GP,0.507341 ± 0.00877329,0.79364 ± 0.081398,0.132237 ± 0.081398,0.785674 ± 0.0915519,0.140136 ± 0.0915519,0.862821 ± 0.0623302
Bank Marketing,CTABGAN,0.807011 ± 0.0738131,0.848277 ± 0.0254308,0.03154 ± 0.0254308,0.847018 ± 0.0143327,0.0222768 ± 0.0143327,0.910481 ± 0.0423178
Bank Marketing,CTGAN,0.877707 ± 0.00866484,0.851388 ± 0.0109622,0.0284283 ± 0.0109622,0.836119 ± 0.00639952,0.0331756 ± 0.00639952,0.593728 ± 0.0382642
Bank Marketing,CopulaGAN,0.879744 ± 0.00955107,0.842757 ± 0.0153245,0.03706 ± 0.0153245,0.838015 ± 0.00488691,0.0312802 ± 0.00488691,0.595185 ± 0.0727087
Bank Marketing,ForestDiffusion,0.867182 ± 0.00307063,0.84153 ± 0.0109896,0.0382867 ± 0.0109896,0.85236 ± 0.0079507,0.0169349 ± 0.0079507,0.558321 ± 0.0655174
Bank Marketing,GaussianCopula,0.850567 ± 0,0.85335 ± 0,0.0264667 ± 0,0.820276 ± 0,0.0490191 ± 0,0.563333 ± 0
Bank Marketing,TVAE,0.868883 ± 0.00822507,0.777715 ± 0.0354767,0.102102 ± 0.0354767,0.807877 ± 0.0256149,0.061418 ± 0.0256149,0.906012 ± 0.0467523
Bank Marketing,TabDDPM,0.424602 ± 0.0407358,0.838172 ± 0.0277983,0.041645 ± 0.0277983,0.804166 ± 0.0144961,0.0651287 ± 0.0144961,0.999296 ± 0.00131951
Bank Marketing,WGAN-GP,0.743278 ± 0.0178093,0.87325 ± 0.00413337,0.00656667 ± 0.00413337,0.841413 ± 0.00369989,0.0278815 ± 0.00369989,0.560741 ± 0.0436968
CDC Diabetes,CTABGAN,0.0162171 ± 0.026119,0.728557 ± 0.149399,0.102343 ± 0.149399,0.706523 ± 0.144376,0.0968317 ± 0.144376,0.907654 ± 0.0588289
CDC Diabetes,CTGAN,0.869535 ± 0.0172168,0.812603 ± 0.0166402,0.0182967 ± 0.0166402,0.800422 ± 0.00624632,0.00293294 ± 0.00624632,0.700136 ± 0.0285044
CDC Diabetes,CopulaGAN,0.85723 ± 0.0147222,0.81564 ± 0.0224492,0.01526 ± 0.0224492,0.802022 ± 0.00832172,0.00133213 ± 0.00832172,0.68437 ± 0.0502313
CDC Diabetes,ForestDiffusion,0.577073 ± 0.00287931,0.79724 ± 0.0125519,0.03366 ± 0.0125519,0.80145 ± 0.00926001,0.00190453 ± 0.00926001,0.501358 ± 0.030029
CDC Diabetes,GaussianCopula,0.91114 ± 0,0.811167 ± 0,0.0197333 ± 0,0.783562 ± 0,0.0197923 ± 0,0.849383 ± 0
CDC Diabetes,TVAE,0.885379 ± 0.0074683,0.83809 ± 0.00461543,-0.00719 ± 0.00461543,0.815999 ± 0.00316322,-0.0126441 ± 0.00316322,0.695327 ± 0.0266215
CDC Diabetes,TabDDPM,0.557325 ± 0.0299166,0.81235 ± 0.0117259,0.01855 ± 0.0117259,0.777672 ± 0.00690435,0.0256824 ± 0.00690435,0.864827 ± 0.0459954
CDC Diabetes,WGAN-GP,0.0890916 ± 0.00186355,0.843077 ± 0.0118162,-0.0121767 ± 0.0118162,0.807788 ± 0.0042241,-0.00443362 ± 0.0042241,0.535605 ± 0.0335137
Cancer,CTABGAN,0.812782 ± 0.0443924,0.82307 ± 0.1202,0.13307 ± 0.119865,0.819399 ± 0.121388,0.136516 ± 0.12104,0.856395 ± 0.0592643
Cancer,CTGAN,0.675035 ± 0.0091267,0.643246 ± 0.136221,0.312895 ± 0.137196,0.631928 ± 0.144076,0.323987 ± 0.145003,0.990901 ± 0.0126622
Cancer,CopulaGAN,0.661334 ± 0.0149397,0.575 ± 0.175425,0.38114 ± 0.175179,0.564908 ± 0.178494,0.391007 ± 0.178233,0.998099 ± 0.00356399
Cancer,ForestDiffusion,0.934896 ± 0.00343921,0.96576 ± 0.00597244,-0.00961988 ± 0.006148,0.965706 ± 0.00597429,-0.00979114 ± 0.00617584,0.467963 ± 0.0327397
Cancer,GaussianCopula,0.931155 ± 6.74609e-11,0.797368 ± 0,0.158772 ± 0.00141241,0.79178 ± 0,0.164136 ± 0.0014317,0.753296 ± 5.96353e-05
Cancer,TVAE,0.844919 ± 0.0119171,0.954327 ± 0.00626487,0.00181287 ± 0.00585575,0.954539 ± 0.00626092,0.00137634 ± 0.00581618,0.750309 ± 0.0293529
Cancer,TabDDPM,0.603866 ± 0.0150345,0.61424 ± 0.0432232,0.341901 ± 0.043738,0.502453 ± 0.0504555,0.453462 ± 0.0509637,0.995765 ± 0.0063612
Cancer,WGAN-GP,0.880504 ± 0.0120658,0.891637 ± 0.0175033,0.0645029 ± 0.0181518,0.889412 ± 0.0188363,0.0665032 ± 0.0194433,0.866704 ± 0.0654746
Forest Cover,CTABGAN,0.0859689 ± 0.00309427,0.425963 ± 0.0753363,0.309837 ± 0.0753363,0.402597 ± 0.0763306,0.326115 ± 0.0763306,1 ± 0
Forest Cover,CTGAN,0.842619 ± 0.0123388,0.41797 ± 0.0434281,0.31783 ± 0.0434281,0.328858 ± 0.0438928,0.399854 ± 0.0438928,0.871444 ± 0.030352
Forest Cover,CopulaGAN,0.843478 ± 0.0125342,0.40641 ± 0.0366469,0.32939 ± 0.0366469,0.334883 ± 0.0419005,0.393829 ± 0.0419005,0.886395 ± 0.0447549
Forest Cover,ForestDiffusion,0.829836 ± 0.0104739,0.66601 ± 0.011729,0.06979 ± 0.011729,0.665181 ± 0.011193,0.0635311 ± 0.011193,0.790988 ± 0.0461119
Forest Cover,GaussianCopula,0.922099 ± 0,0.543367 ± 0,0.192433 ± 0,0.506162 ± 0,0.22255 ± 0,0.516667 ± 0
Forest Cover,TVAE,0.93496 ± 0.00913971,0.674077 ± 0.0107491,0.0617233 ± 0.0107491,0.654275 ± 0.0104663,0.074437 ± 0.0104663,0.742074 ± 0.0440367
Forest Cover,TabDDPM,0.475233 ± 0.0138283,0.387107 ± 0.0506075,0.348693 ± 0.0506075,0.342332 ± 0.0369346,0.38638 ± 0.0369346,0.963444 ± 0.026453
Forest Cover,WGAN-GP,0.173936 ± 0.00159588,0.433037 ± 0.0291763,0.302763 ± 0.0291763,0.40416 ± 0.034184,0.324552 ± 0.034184,0.633901 ± 0.0645542
MAGIC Gamma,CTABGAN,0.944044 ± 0.00580133,0.792346 ± 0.00567422,0.0411891 ± 0.00567422,0.787427 ± 0.00591165,0.0433074 ± 0.00591165,0.579309 ± 0.0694334
MAGIC Gamma,CTGAN,0.896977 ± 0.0134251,0.740083 ± 0.0135393,0.0934516 ± 0.0135393,0.743291 ± 0.0123849,0.0874433 ± 0.0123849,0.67316 ± 0.0636547
MAGIC Gamma,CopulaGAN,0.895821 ± 0.0109671,0.736347 ± 0.0236226,0.097188 ± 0.0236226,0.737778 ± 0.020705,0.0929562 ± 0.020705,0.688222 ± 0.0484889
MAGIC Gamma,ForestDiffusion,0.901842 ± 0.0114557,0.780748 ± 0.0145637,0.0527865 ± 0.0145637,0.782472 ± 0.0137517,0.0482624 ± 0.0137517,0.511938 ± 0.0426331
MAGIC Gamma,GaussianCopula,0.905243 ± 0,0.73725 ± 0,0.0962846 ± 0,0.718891 ± 0,0.111843 ± 0,0.502593 ± 0
MAGIC Gamma,TVAE,0.911946 ± 0.0138266,0.772168 ± 0.0218767,0.061367 ± 0.0218767,0.770961 ± 0.0233764,0.0597728 ± 0.0233764,0.648296 ± 0.0448146
MAGIC Gamma,TabDDPM,0.939333 ± 0.00625328,0.609634 ± 0.0117563,0.223901 ± 0.0117563,0.544117 ± 0.00999151,0.286617 ± 0.00999151,0.53563 ± 0.0385465
MAGIC Gamma,WGAN-GP,0.928844 ± 0.00751532,0.79426 ± 0.0143899,0.0392744 ± 0.0143899,0.789596 ± 0.0145686,0.041138 ± 0.0145686,0.656605 ± 0.0710445
Mushroom,CTABGAN,0.899693 ± 0.0308257,0.627357 ± 0.0576957,0.25151 ± 0.0576957,0.614342 ± 0.0770524,0.262598 ± 0.0770524,0.627025 ± 0.152834
Mushroom,CTGAN,0.856416 ± 0.00956972,0.55153 ± 0.0110348,0.327337 ± 0.0110348,0.525994 ± 0.0280106,0.350945 ± 0.0280106,0.641074 ± 0.0350791
Mushroom,CopulaGAN,0.844416 ± 0.0100284,0.558373 ± 0.0151624,0.320493 ± 0.0151624,0.537777 ± 0.0261699,0.339162 ± 0.0261699,0.643519 ± 0.0427256
Mushroom,ForestDiffusion,0.675183 ± 0.0104315,0.60269 ± 0.0277884,0.276177 ± 0.0277884,0.571037 ± 0.0506443,0.305903 ± 0.0506443,0.991778 ± 0.0103236
Mushroom,GaussianCopula,0.898581 ± 0,0.561633 ± 0,0.317233 ± 0,0.555761 ± 0,0.321178 ± 0,0.456914 ± 0
Mushroom,TVAE,0.901112 ± 0.00648501,0.642027 ± 0.0256255,0.23684 ± 0.0256255,0.618631 ± 0.0411236,0.258309 ± 0.0411236,0.910383 ± 0.14296
Mushroom,TabDDPM,0.295577 ± 0.00576007,0.503563 ± 0.0261478,0.375303 ± 0.0261478,0.454027 ± 0.028215,0.422913 ± 0.028215,1 ± 0
Mushroom,WGAN-GP,0.732046 ± 0.004898,0.62618 ± 0.02521,0.252687 ± 0.02521,0.605082 ± 0.0455603,0.271857 ± 0.0455603,1 ± 0
Wine Quality,CTABGAN,0.895055 ± 0.00616824,0.467017 ± 0.00889405,0.132949 ± 0.00889405,0.445412 ± 0.0105702,0.140131 ± 0.0105702,0.992469 ± 0.00489141
Wine Quality,CTGAN,0.776404 ± 0.0161007,0.333997 ± 0.0329493,0.265969 ± 0.0329493,0.345558 ± 0.0319583,0.239985 ± 0.0319583,0.751247 ± 0.0858619
Wine Quality,CopulaGAN,0.815592 ± 0.0118184,0.352881 ± 0.0176005,0.247085 ± 0.0176005,0.372794 ± 0.0190453,0.212749 ± 0.0190453,0.70058 ± 0.0615261
Wine Quality,ForestDiffusion,0.880248 ± 0.00424591,0.460075 ± 0.0128245,0.139891 ± 0.0128245,0.456954 ± 0.00986354,0.128589 ± 0.00986354,0.996543 ± 0.00302966
Wine Quality,GaussianCopula,0.938285 ± 0,0.388367 ± 0,0.211599 ± 0,0.317389 ± 0,0.268154 ± 0,0.69 ± 0
Wine Quality,TVAE,0.918717 ± 0.00554884,0.50435 ± 0.0122481,0.0956156 ± 0.0122481,0.479258 ± 0.00932257,0.106285 ± 0.00932257,0.749198 ± 0.0284405
Wine Quality,TabDDPM,0.783993 ± 0.0188319,0.396184 ± 0.0124568,0.203782 ± 0.0124568,0.323028 ± 0.0164227,0.262515 ± 0.0164227,0.995099 ± 0.00307187
Wine Quality,WGAN-GP,0.95067 ± 0.00539745,0.435272 ± 0.0330476,0.164694 ± 0.0330476,0.419477 ± 0.0341729,0.166066 ± 0.0341729,0.710407 ± 0.0497537
