Dataset,Generator,Classifier,Leakage,Mean,Std,N,Mean_SD
1. Cancer,CTABGAN,AdaBoost,0,0.7976190476190477,0.05558389299966074,2,0.798 ± 0.056
1. Cancer,CTABGAN,Decision Tree,0,0.6642857142857144,0.0642857142857143,2,0.664 ± 0.064
1. Cancer,CTABGAN,Extra Trees,0,0.8333333333333334,0.04517539514526257,2,0.833 ± 0.045
1. Cancer,CTABGAN,Gradient Boosting,0,0.7904761904761904,0.04738035414793427,2,0.790 ± 0.047
1. Cancer,CTABGAN,KNN,0,0.7880952380952381,0.04185332340773083,2,0.788 ± 0.042
1. Cancer,CTABGAN,Logistic Regression,0,0.8285714285714285,0.05614202915500762,2,0.829 ± 0.056
1. Cancer,CTABGAN,MLP,0,0.7547619047619047,0.05112121560377116,2,0.755 ± 0.051
1. Cancer,CTABGAN,Naive Bayes,0,0.7761904761904763,0.04902681019517618,2,0.776 ± 0.049
1. Cancer,CTABGAN,Random Forest,0,0.8166666666666667,0.04265826873135455,2,0.817 ± 0.043
1. Cancer,CTABGAN,SVM-RBF,0,0.8,0.04902681019517619,2,0.800 ± 0.049
1. Cancer,CTGAN,AdaBoost,0,0.9,0.07438333024673004,2,0.900 ± 0.074
1. Cancer,CTGAN,Decision Tree,0,0.6666666666666667,0.1456084271563872,2,0.667 ± 0.146
1. Cancer,CTGAN,Extra Trees,0,0.880952380952381,0.05323971374999498,2,0.881 ± 0.053
1. Cancer,CTGAN,Gradient Boosting,0,0.8738095238095237,0.05639390134441432,2,0.874 ± 0.056
1. Cancer,CTGAN,KNN,0,0.8666666666666666,0.06042179781166439,2,0.867 ± 0.060
1. Cancer,CTGAN,Logistic Regression,0,0.9261904761904762,0.03095238095238095,2,0.926 ± 0.031
1. Cancer,CTGAN,MLP,0,0.95,0.0457366016959489,2,0.950 ± 0.046
1. Cancer,CTGAN,Naive Bayes,0,0.8690476190476192,0.04158154570612614,2,0.869 ± 0.042
1. Cancer,CTGAN,Random Forest,0,0.8571428571428571,0.05532833351724881,2,0.857 ± 0.055
1. Cancer,CTGAN,SVM-RBF,0,0.8642857142857144,0.03021089890583218,2,0.864 ± 0.030
1. Cancer,CopulaGAN,AdaBoost,0,0.7595238095238095,0.1252887820659321,2,0.760 ± 0.125
1. Cancer,CopulaGAN,Decision Tree,0,0.5428571428571429,0.1942483624225823,2,0.543 ± 0.194
1. Cancer,CopulaGAN,Extra Trees,0,0.5833333333333333,0.130083698853788,2,0.583 ± 0.130
1. Cancer,CopulaGAN,Gradient Boosting,0,0.5404761904761904,0.150979417737978,2,0.540 ± 0.151
1. Cancer,CopulaGAN,KNN,0,0.8,0.08597842897746566,2,0.800 ± 0.086
1. Cancer,CopulaGAN,Logistic Regression,0,0.6666666666666667,0.09464098530643712,2,0.667 ± 0.095
1. Cancer,CopulaGAN,MLP,0,0.480952380952381,0.1560568534111804,2,0.481 ± 0.156
1. Cancer,CopulaGAN,Naive Bayes,0,0.7785714285714286,0.07457361792078966,2,0.779 ± 0.075
1. Cancer,CopulaGAN,Random Forest,0,0.4761904761904762,0.0903507902905251,2,0.476 ± 0.090
1. Cancer,CopulaGAN,SVM-RBF,0,0.6023809523809524,0.150979417737978,2,0.602 ± 0.151
1. Cancer,ForestDiffusion,AdaBoost,0,0.9523809523809523,0.03531523089093172,2,0.952 ± 0.035
1. Cancer,ForestDiffusion,Decision Tree,0,0.8785714285714284,0.05265081997022854,2,0.879 ± 0.053
1. Cancer,ForestDiffusion,Extra Trees,0,0.9214285714285714,0.04999999999999999,2,0.921 ± 0.050
1. Cancer,ForestDiffusion,Gradient Boosting,0,0.9404761904761905,0.03571428571428571,2,0.940 ± 0.036
1. Cancer,ForestDiffusion,KNN,0,0.9071428571428571,0.0504514764295645,2,0.907 ± 0.050
1. Cancer,ForestDiffusion,Logistic Regression,0,0.9523809523809523,0.03011693009684169,2,0.952 ± 0.030
1. Cancer,ForestDiffusion,MLP,0,0.9404761904761905,0.02439750182371331,2,0.940 ± 0.024
1. Cancer,ForestDiffusion,Naive Bayes,0,0.8833333333333334,0.05578749768504752,2,0.883 ± 0.056
1. Cancer,ForestDiffusion,Random Forest,0,0.9261904761904761,0.05265081997022852,2,0.926 ± 0.053
1. Cancer,ForestDiffusion,SVM-RBF,0,0.9476190476190476,0.03499271061118825,2,0.948 ± 0.035
1. Cancer,GaussianCopula,AdaBoost,0,0.7928571428571429,0.06481265518483903,2,0.793 ± 0.065
1. Cancer,GaussianCopula,Decision Tree,0,0.6142857142857143,0.05194624816493196,2,0.614 ± 0.052
1. Cancer,GaussianCopula,Extra Trees,0,0.7095238095238096,0.07663560447348132,2,0.710 ± 0.077
1. Cancer,GaussianCopula,Gradient Boosting,0,0.7785714285714286,0.05537953976006196,2,0.779 ± 0.055
1. Cancer,GaussianCopula,KNN,0,0.6833333333333333,0.06303905854701772,2,0.683 ± 0.063
1. Cancer,GaussianCopula,Logistic Regression,0,0.75,0.0819614975145643,2,0.750 ± 0.082
1. Cancer,GaussianCopula,MLP,0,0.6642857142857144,0.0693752489730165,2,0.664 ± 0.069
1. Cancer,GaussianCopula,Naive Bayes,0,0.7928571428571429,0.04647433641891223,2,0.793 ± 0.046
1. Cancer,GaussianCopula,Random Forest,0,0.7238095238095238,0.08123201004396181,2,0.724 ± 0.081
1. Cancer,GaussianCopula,SVM-RBF,0,0.6738095238095239,0.05537953976006192,2,0.674 ± 0.055
1. Cancer,TVAE,AdaBoost,0,0.9571428571428571,0.03333333333333333,2,0.957 ± 0.033
1. Cancer,TVAE,Decision Tree,0,0.9047619047619048,0.0464133064038522,2,0.905 ± 0.046
1. Cancer,TVAE,Extra Trees,0,0.9238095238095237,0.03499271061118826,2,0.924 ± 0.035
1. Cancer,TVAE,Gradient Boosting,0,0.95,0.01977767586409063,2,0.950 ± 0.020
1. Cancer,TVAE,KNN,0,0.8404761904761904,0.0384654629081036,2,0.840 ± 0.038
1. Cancer,TVAE,Logistic Regression,0,0.9523809523809523,0.02608202654786504,2,0.952 ± 0.026
1. Cancer,TVAE,MLP,0,0.9333333333333333,0.02332847374079215,2,0.933 ± 0.023
1. Cancer,TVAE,Naive Bayes,0,0.9595238095238094,0.02827224306437599,2,0.960 ± 0.028
1. Cancer,TVAE,Random Forest,0,0.9595238095238094,0.02827224306437599,2,0.960 ± 0.028
1. Cancer,TVAE,SVM-RBF,0,0.9285714285714286,0.03839170356332643,2,0.929 ± 0.038
1. Cancer,TabDDPM,AdaBoost,0,0.4309523809523809,0.4202161737166494,2,0.431 ± 0.420
1. Cancer,TabDDPM,Decision Tree,0,0.2761904761904762,0.3517368630975121,2,0.276 ± 0.352
1. Cancer,TabDDPM,Extra Trees,0,0.7428571428571429,0.3756777699679242,2,0.743 ± 0.376
1. Cancer,TabDDPM,Gradient Boosting,0,0.2595238095238095,0.2415112096758512,2,0.260 ± 0.242
1. Cancer,TabDDPM,KNN,0,0.3642857142857143,0.1666836726017822,2,0.364 ± 0.167
1. Cancer,TabDDPM,Logistic Regression,0,0.05476190476190475,0.08454895668840334,2,0.055 ± 0.085
1. Cancer,TabDDPM,MLP,0,0.5809523809523809,0.2274276940239915,2,0.581 ± 0.227
1. Cancer,TabDDPM,Naive Bayes,0,0.9238095238095237,0.1895214165917372,2,0.924 ± 0.190
1. Cancer,TabDDPM,Random Forest,0,0.3119047619047619,0.3424683642307216,2,0.312 ± 0.342
1. Cancer,TabDDPM,SVM-RBF,0,0.01428571428571429,0.03563483225498992,2,0.014 ± 0.036
1. Cancer,WGAN_GP,AdaBoost,0,0.8642857142857142,0.04885305840162663,2,0.864 ± 0.049
1. Cancer,WGAN_GP,Decision Tree,0,0.8142857142857143,0.06459361888690732,2,0.814 ± 0.065
1. Cancer,WGAN_GP,Extra Trees,0,0.8642857142857142,0.043967107887189,2,0.864 ± 0.044
1. Cancer,WGAN_GP,Gradient Boosting,0,0.8642857142857142,0.04647433641891222,2,0.864 ± 0.046
1. Cancer,WGAN_GP,KNN,0,0.8523809523809524,0.04364357804719846,2,0.852 ± 0.044
1. Cancer,WGAN_GP,Logistic Regression,0,0.8976190476190476,0.03539540177932976,2,0.898 ± 0.035
1. Cancer,WGAN_GP,MLP,0,0.8761904761904761,0.04616837959444122,2,0.876 ± 0.046
1. Cancer,WGAN_GP,Naive Bayes,0,0.869047619047619,0.05558389299966071,2,0.869 ± 0.056
1. Cancer,WGAN_GP,Random Forest,0,0.8571428571428571,0.04879500364742666,2,0.857 ± 0.049
1. Cancer,WGAN_GP,SVM-RBF,0,0.8642857142857142,0.06121409586753541,2,0.864 ± 0.061
2. Alzhimers,CTABGAN,AdaBoost,0,0.918918918918919,0.03418678551533384,2,0.919 ± 0.034
2. Alzhimers,CTABGAN,Decision Tree,0,0.5405405405405406,0.0928408866882036,2,0.541 ± 0.093
2. Alzhimers,CTABGAN,Extra Trees,0,0.9216216216216218,0.04594594594594596,2,0.922 ± 0.046
2. Alzhimers,CTABGAN,Gradient Boosting,0,0.6891891891891891,0.144664039903488,2,0.689 ± 0.145
2. Alzhimers,CTABGAN,KNN,0,0.8918918918918919,0.06620242548062645,2,0.892 ± 0.066
2. Alzhimers,CTABGAN,Logistic Regression,0,0.9243243243243244,0.03783783783783785,2,0.924 ± 0.038
2. Alzhimers,CTABGAN,MLP,0,0.8567567567567569,0.06842696703336304,2,0.857 ± 0.068
2. Alzhimers,CTABGAN,Naive Bayes,0,0.8378378378378379,0.05921324946001796,2,0.838 ± 0.059
2. Alzhimers,CTABGAN,Random Forest,0,0.8405405405405405,0.05465877950312616,2,0.841 ± 0.055
2. Alzhimers,CTABGAN,SVM-RBF,0,0.8864864864864865,0.05099449260571139,2,0.886 ± 0.051
2. Alzhimers,CTGAN,AdaBoost,0,0.6297297297297296,0.1054054054054054,2,0.630 ± 0.105
2. Alzhimers,CTGAN,Decision Tree,0,0.5513513513513514,0.1102490705641683,2,0.551 ± 0.110
2. Alzhimers,CTGAN,Extra Trees,0,0.6162162162162163,0.10025533508644,2,0.616 ± 0.100
2. Alzhimers,CTGAN,Gradient Boosting,0,0.6243243243243244,0.0985282493705848,2,0.624 ± 0.099
2. Alzhimers,CTGAN,KNN,0,0.6108108108108109,0.07272229214634439,2,0.611 ± 0.073
2. Alzhimers,CTGAN,Logistic Regression,0,0.7405405405405405,0.05156428115767275,2,0.741 ± 0.052
2. Alzhimers,CTGAN,MLP,0,0.5756756756756757,0.104010169756183,2,0.576 ± 0.104
2. Alzhimers,CTGAN,Naive Bayes,0,0.7567567567567568,0.08546696378833457,2,0.757 ± 0.085
2. Alzhimers,CTGAN,Random Forest,0,0.6351351351351351,0.07572392284390217,2,0.635 ± 0.076
2. Alzhimers,CTGAN,SVM-RBF,0,0.6108108108108109,0.06751349187457728,2,0.611 ± 0.068
2. Alzhimers,CopulaGAN,AdaBoost,0,0.4081081081081082,0.05976579564188102,2,0.408 ± 0.060
2. Alzhimers,CopulaGAN,Decision Tree,0,0.4486486486486486,0.09378027877241876,2,0.449 ± 0.094
2. Alzhimers,CopulaGAN,Extra Trees,0,0.3567567567567568,0.0950183558445781,2,0.357 ± 0.095
2. Alzhimers,CopulaGAN,Gradient Boosting,0,0.3189189189189189,0.08614798621896881,2,0.319 ± 0.086
2. Alzhimers,CopulaGAN,KNN,0,0.3675675675675676,0.05945945945945945,2,0.368 ± 0.059
2. Alzhimers,CopulaGAN,Logistic Regression,0,0.3756756756756757,0.101450402049316,2,0.376 ± 0.101
2. Alzhimers,CopulaGAN,MLP,0,0.3972972972972973,0.06842696703336304,2,0.397 ± 0.068
2. Alzhimers,CopulaGAN,Naive Bayes,0,0.4324324324324325,0.07252112359458776,2,0.432 ± 0.073
2. Alzhimers,CopulaGAN,Random Forest,0,0.3351351351351352,0.09981721790605073,2,0.335 ± 0.100
2. Alzhimers,CopulaGAN,SVM-RBF,0,0.3351351351351352,0.07663484799328554,2,0.335 ± 0.077
2. Alzhimers,ForestDiffusion,AdaBoost,0,0.9378378378378379,0.02972972972972974,2,0.938 ± 0.030
2. Alzhimers,ForestDiffusion,Decision Tree,0,0.9135135135135135,0.04151970674523572,2,0.914 ± 0.042
2. Alzhimers,ForestDiffusion,Extra Trees,0,0.9432432432432434,0.02245033476464344,2,0.943 ± 0.022
2. Alzhimers,ForestDiffusion,Gradient Boosting,0,0.9324324324324325,0.03254485021295216,2,0.932 ± 0.033
2. Alzhimers,ForestDiffusion,KNN,0,0.9027027027027028,0.0582179979149676,2,0.903 ± 0.058
2. Alzhimers,ForestDiffusion,Logistic Regression,0,0.9243243243243244,0.03783783783783785,2,0.924 ± 0.038
2. Alzhimers,ForestDiffusion,MLP,0,0.9459459459459459,0.0319788096383763,2,0.946 ± 0.032
2. Alzhimers,ForestDiffusion,Naive Bayes,0,0.9297297297297298,0.03243243243243243,2,0.930 ± 0.032
2. Alzhimers,ForestDiffusion,Random Forest,0,0.9324324324324325,0.03471684480720305,2,0.932 ± 0.035
2. Alzhimers,ForestDiffusion,SVM-RBF,0,0.9243243243243244,0.03783783783783785,2,0.924 ± 0.038
2. Alzhimers,GaussianCopula,AdaBoost,0,0.9135135135135137,0.03972145528837587,2,0.914 ± 0.040
2. Alzhimers,GaussianCopula,Decision Tree,0,0.6405405405405405,0.08803512148595855,2,0.641 ± 0.088
2. Alzhimers,GaussianCopula,Extra Trees,0,0.9297297297297298,0.04221756581571164,2,0.930 ± 0.042
2. Alzhimers,GaussianCopula,Gradient Boosting,0,0.8297297297297298,0.09897207256000301,2,0.830 ± 0.099
2. Alzhimers,GaussianCopula,KNN,0,0.8405405405405405,0.05976579564188104,2,0.841 ± 0.060
2. Alzhimers,GaussianCopula,Logistic Regression,0,0.9270270270270272,0.03209281645145384,2,0.927 ± 0.032
2. Alzhimers,GaussianCopula,MLP,0,0.8891891891891893,0.06332634872356747,2,0.889 ± 0.063
2. Alzhimers,GaussianCopula,Naive Bayes,0,0.9351351351351351,0.030096023582865,2,0.935 ± 0.030
2. Alzhimers,GaussianCopula,Random Forest,0,0.8945945945945946,0.05465877950312618,2,0.895 ± 0.055
2. Alzhimers,GaussianCopula,SVM-RBF,0,0.9297297297297298,0.030096023582865,2,0.930 ± 0.030
2. Alzhimers,TVAE,AdaBoost,0,0.9324324324324325,0.03471684480720306,2,0.932 ± 0.035
2. Alzhimers,TVAE,Decision Tree,0,0.9486486486486487,0.02245033476464345,2,0.949 ± 0.022
2. Alzhimers,TVAE,Extra Trees,0,0.9297297297297298,0.03243243243243243,2,0.930 ± 0.032
2. Alzhimers,TVAE,Gradient Boosting,0,0.9324324324324325,0.03471684480720305,2,0.932 ± 0.035
2. Alzhimers,TVAE,KNN,0,0.9135135135135135,0.05896601143046332,2,0.914 ± 0.059
2. Alzhimers,TVAE,Logistic Regression,0,0.9351351351351352,0.03243243243243243,2,0.935 ± 0.032
2. Alzhimers,TVAE,MLP,0,0.927027027027027,0.04990860895302537,2,0.927 ± 0.050
2. Alzhimers,TVAE,Naive Bayes,0,0.9297297297297298,0.03243243243243243,2,0.930 ± 0.032
2. Alzhimers,TVAE,Random Forest,0,0.9405405405405405,0.0358554031389773,2,0.941 ± 0.036
2. Alzhimers,TVAE,SVM-RBF,0,0.9243243243243244,0.03783783783783785,2,0.924 ± 0.038
2. Alzhimers,TabDDPM,AdaBoost,0,0.4108108108108108,0.0852958585841054,2,0.411 ± 0.085
2. Alzhimers,TabDDPM,Decision Tree,0,0.4864864864864865,0.07644397634449161,2,0.486 ± 0.076
2. Alzhimers,TabDDPM,Extra Trees,0,0.3486486486486486,0.09703417876224996,2,0.349 ± 0.097
2. Alzhimers,TabDDPM,Gradient Boosting,0,0.3864864864864865,0.07357112210170919,2,0.386 ± 0.074
2. Alzhimers,TabDDPM,KNN,0,0.427027027027027,0.04490066952928689,2,0.427 ± 0.045
2. Alzhimers,TabDDPM,Logistic Regression,0,0.1,0.06049467374486323,2,0.100 ± 0.060
2. Alzhimers,TabDDPM,MLP,0,0.3351351351351352,0.06858690562405147,2,0.335 ± 0.069
2. Alzhimers,TabDDPM,Naive Bayes,0,0.1837837837837838,0.1024178125486293,2,0.184 ± 0.102
2. Alzhimers,TabDDPM,Random Forest,0,0.3621621621621622,0.0664227336618622,2,0.362 ± 0.066
2. Alzhimers,TabDDPM,SVM-RBF,0,0.1,0.05675675675675676,2,0.100 ± 0.057
2. Alzhimers,WGAN_GP,AdaBoost,0,0.7891891891891893,0.1009813064446995,2,0.789 ± 0.101
2. Alzhimers,WGAN_GP,Decision Tree,0,0.6918918918918919,0.1191643658651276,2,0.692 ± 0.119
2. Alzhimers,WGAN_GP,Extra Trees,0,0.8162162162162161,0.06139360373838135,2,0.816 ± 0.061
2. Alzhimers,WGAN_GP,Gradient Boosting,0,0.754054054054054,0.0962784493543615,2,0.754 ± 0.096
2. Alzhimers,WGAN_GP,KNN,0,0.7000000000000001,0.04089931337951772,2,0.700 ± 0.041
2. Alzhimers,WGAN_GP,Logistic Regression,0,0.7864864864864866,0.08058406224797608,2,0.786 ± 0.081
2. Alzhimers,WGAN_GP,MLP,0,0.7648648648648649,0.06514578807131866,2,0.765 ± 0.065
2. Alzhimers,WGAN_GP,Naive Bayes,0,0.727027027027027,0.0699054981425814,2,0.727 ± 0.070
2. Alzhimers,WGAN_GP,Random Forest,0,0.8432432432432433,0.06486486486486487,2,0.843 ± 0.065
2. Alzhimers,WGAN_GP,SVM-RBF,0,0.7648648648648649,0.08290736027123226,2,0.765 ± 0.083
3. Adult,CTABGAN,AdaBoost,0,0.742,0.04703426646841878,2,0.742 ± 0.047
3. Adult,CTABGAN,Decision Tree,0,0.488,0.1081716742549135,2,0.488 ± 0.108
3. Adult,CTABGAN,Extra Trees,0,0.5995000000000001,0.04437529342625991,2,0.600 ± 0.044
3. Adult,CTABGAN,Gradient Boosting,0,0.2820000000000001,0.1229543727476896,2,0.282 ± 0.123
3. Adult,CTABGAN,KNN,0,0.5395000000000001,0.04675289652345971,2,0.540 ± 0.047
3. Adult,CTABGAN,Logistic Regression,0,0.7710000000000001,0.005676462121975472,2,0.771 ± 0.006
3. Adult,CTABGAN,MLP,0,0.5445,0.05346078521267298,2,0.544 ± 0.053
3. Adult,CTABGAN,Naive Bayes,0,0.7165000000000001,0.03291824890712006,2,0.717 ± 0.033
3. Adult,CTABGAN,Random Forest,0,0.4635,0.09395773281404547,2,0.464 ± 0.094
3. Adult,CTABGAN,SVM-RBF,0,0.7135,0.0209563037453332,2,0.714 ± 0.021
3. Adult,CTGAN,AdaBoost,0,0.7750000000000001,1.1702778228589e-16,2,0.775 ± 0.000
3. Adult,CTGAN,Decision Tree,0,0.4145,0.05193211380681943,2,0.414 ± 0.052
3. Adult,CTGAN,Extra Trees,0,0.6809999999999998,0.01646545204697126,2,0.681 ± 0.016
3. Adult,CTGAN,Gradient Boosting,0,0.757,0.00856348838577676,2,0.757 ± 0.009
3. Adult,CTGAN,KNN,0,0.6024999999999999,0.03066394915495683,2,0.602 ± 0.031
3. Adult,CTGAN,Logistic Regression,0,0.7750000000000001,1.1702778228589e-16,2,0.775 ± 0.000
3. Adult,CTGAN,MLP,0,0.6305,0.03639673367518328,2,0.630 ± 0.036
3. Adult,CTGAN,Naive Bayes,0,0.741,0.01542004467496052,2,0.741 ± 0.015
3. Adult,CTGAN,Random Forest,0,0.6910000000000001,0.0199722029052603,2,0.691 ± 0.020
3. Adult,CTGAN,SVM-RBF,0,0.7745000000000001,0.001581138830084191,2,0.775 ± 0.002
3. Adult,CopulaGAN,AdaBoost,0,0.7735000000000001,0.003374742788552768,2,0.774 ± 0.003
3. Adult,CopulaGAN,Decision Tree,0,0.406,0.02998147576235848,2,0.406 ± 0.030
3. Adult,CopulaGAN,Extra Trees,0,0.658,0.0279085809185793,2,0.658 ± 0.028
3. Adult,CopulaGAN,Gradient Boosting,0,0.724,0.02342837785440746,2,0.724 ± 0.023
3. Adult,CopulaGAN,KNN,0,0.581,0.03339993346633428,2,0.581 ± 0.033
3. Adult,CopulaGAN,Logistic Regression,0,0.7745000000000001,0.001581138830084191,2,0.775 ± 0.002
3. Adult,CopulaGAN,MLP,0,0.607,0.03284644408286672,2,0.607 ± 0.033
3. Adult,CopulaGAN,Naive Bayes,0,0.6535,0.05744804415972552,2,0.653 ± 0.057
3. Adult,CopulaGAN,Random Forest,0,0.6805,0.01755151148920099,2,0.680 ± 0.018
3. Adult,CopulaGAN,SVM-RBF,0,0.771,0.006146362971528596,2,0.771 ± 0.006
3. Adult,ForestDiffusion,AdaBoost,0,0.728,0.03216278042154384,2,0.728 ± 0.032
3. Adult,ForestDiffusion,Decision Tree,0,0.6325000000000001,0.04104536785341584,2,0.633 ± 0.041
3. Adult,ForestDiffusion,Extra Trees,0,0.7175,0.02359967043084385,2,0.718 ± 0.024
3. Adult,ForestDiffusion,Gradient Boosting,0,0.7785,0.03894797099265179,2,0.778 ± 0.039
3. Adult,ForestDiffusion,KNN,0,0.6819999999999999,0.0204396129556745,2,0.682 ± 0.020
3. Adult,ForestDiffusion,Logistic Regression,0,0.7204999999999999,0.02521573582771946,2,0.720 ± 0.025
3. Adult,ForestDiffusion,MLP,0,0.7040000000000001,0.03680277767294805,2,0.704 ± 0.037
3. Adult,ForestDiffusion,Naive Bayes,0,0.7725000000000002,0.02821051813301795,2,0.773 ± 0.028
3. Adult,ForestDiffusion,Random Forest,0,0.7464999999999999,0.02068950351157698,2,0.746 ± 0.021
3. Adult,ForestDiffusion,SVM-RBF,0,0.7155,0.02278522913351252,2,0.716 ± 0.023
3. Adult,GaussianCopula,AdaBoost,0,0.7715000000000001,0.00944281031614354,2,0.772 ± 0.009
3. Adult,GaussianCopula,Decision Tree,0,0.4085,0.07803311262961811,2,0.408 ± 0.078
3. Adult,GaussianCopula,Extra Trees,0,0.7084999999999999,0.02427275564633454,2,0.708 ± 0.024
3. Adult,GaussianCopula,Gradient Boosting,0,0.6525000000000001,0.1101072709275419,2,0.653 ± 0.110
3. Adult,GaussianCopula,KNN,0,0.6079999999999999,0.03368151487751765,2,0.608 ± 0.034
3. Adult,GaussianCopula,Logistic Regression,0,0.7745000000000001,0.001581138830084191,2,0.775 ± 0.002
3. Adult,GaussianCopula,MLP,0,0.5890000000000001,0.05179017495840522,2,0.589 ± 0.052
3. Adult,GaussianCopula,Naive Bayes,0,0.639,0.02913569784454957,2,0.639 ± 0.029
3. Adult,GaussianCopula,Random Forest,0,0.7205,0.02350531854708634,2,0.721 ± 0.024
3. Adult,GaussianCopula,SVM-RBF,0,0.768,0.006749485577105536,2,0.768 ± 0.007
3. Adult,TVAE,AdaBoost,0,0.7114999999999999,0.0156436000403431,2,0.711 ± 0.016
3. Adult,TVAE,Decision Tree,0,0.6625,0.01719980620045857,2,0.662 ± 0.017
3. Adult,TVAE,Extra Trees,0,0.7164999999999999,0.01313392553656371,2,0.716 ± 0.013
3. Adult,TVAE,Gradient Boosting,0,0.704,0.01867856763482919,2,0.704 ± 0.019
3. Adult,TVAE,KNN,0,0.6655,0.03209794039775414,2,0.665 ± 0.032
3. Adult,TVAE,Logistic Regression,0,0.6625,0.02637865298557399,2,0.662 ± 0.026
3. Adult,TVAE,MLP,0,0.6955,0.02454587541726713,2,0.696 ± 0.025
3. Adult,TVAE,Naive Bayes,0,0.41,0.04422166387140534,2,0.410 ± 0.044
3. Adult,TVAE,Random Forest,0,0.7224999999999999,0.01687371394276384,2,0.722 ± 0.017
3. Adult,TVAE,SVM-RBF,0,0.747,0.01378404875209023,2,0.747 ± 0.014
3. Adult,TabDDPM,AdaBoost,0,0.5305000000000001,0.1057368326449104,2,0.531 ± 0.106
3. Adult,TabDDPM,Decision Tree,0,0.533,0.08944893018427393,2,0.533 ± 0.089
3. Adult,TabDDPM,Extra Trees,0,0.5954999999999999,0.08725600902580355,2,0.595 ± 0.087
3. Adult,TabDDPM,Gradient Boosting,0,0.3895,0.106860500965823,2,0.390 ± 0.107
3. Adult,TabDDPM,KNN,0,0.6029999999999999,0.06490163497341357,2,0.603 ± 0.065
3. Adult,TabDDPM,Logistic Regression,0,0.2305,0.008316649966583095,2,0.231 ± 0.008
3. Adult,TabDDPM,MLP,0,0.4575,0.2711933504592864,2,0.458 ± 0.271
3. Adult,TabDDPM,Naive Bayes,0,0.5655,0.1774268237267911,2,0.566 ± 0.177
3. Adult,TabDDPM,Random Forest,0,0.5125,0.1123795651649652,2,0.512 ± 0.112
3. Adult,TabDDPM,SVM-RBF,0,0.2305,0.008316649966583095,2,0.231 ± 0.008
3. Adult,WGAN_GP,AdaBoost,0,0.4189999999999999,0.05342700108039421,2,0.419 ± 0.053
3. Adult,WGAN_GP,Decision Tree,0,0.45,0.04242640687119286,2,0.450 ± 0.042
3. Adult,WGAN_GP,Extra Trees,0,0.2755,0.02443244655052875,2,0.276 ± 0.024
3. Adult,WGAN_GP,Gradient Boosting,0,0.288,0.0213697605664328,2,0.288 ± 0.021
3. Adult,WGAN_GP,KNN,0,0.3585,0.02963200221982232,2,0.358 ± 0.030
3. Adult,WGAN_GP,Logistic Regression,0,0.3295,0.02020038503483425,2,0.330 ± 0.020
3. Adult,WGAN_GP,MLP,0,0.352,0.03852848873813305,2,0.352 ± 0.039
3. Adult,WGAN_GP,Naive Bayes,0,0.4475000000000001,0.02519369409638496,2,0.448 ± 0.025
3. Adult,WGAN_GP,Random Forest,0,0.292,0.02485513584307633,2,0.292 ± 0.025
3. Adult,WGAN_GP,SVM-RBF,0,0.2865,0.01764621457675522,2,0.286 ± 0.018
4. Forest cover dataset,CTABGAN,AdaBoost,0,0.3774999999999999,0.04638306683358581,2,0.377 ± 0.046
4. Forest cover dataset,CTABGAN,Decision Tree,0,0.2345,0.04119398553726557,2,0.234 ± 0.041
4. Forest cover dataset,CTABGAN,Extra Trees,0,0.357,0.02594866727470476,2,0.357 ± 0.026
4. Forest cover dataset,CTABGAN,Gradient Boosting,0,0.2285,0.04048662330531735,2,0.229 ± 0.040
4. Forest cover dataset,CTABGAN,KNN,0,0.3455,0.0210092572188759,2,0.345 ± 0.021
4. Forest cover dataset,CTABGAN,Logistic Regression,0,0.33,0.02896357866163794,2,0.330 ± 0.029
4. Forest cover dataset,CTABGAN,MLP,0,0.2805,0.05134036748342705,2,0.281 ± 0.051
4. Forest cover dataset,CTABGAN,Naive Bayes,0,0.363,0.04131182235954578,2,0.363 ± 0.041
4. Forest cover dataset,CTABGAN,Random Forest,0,0.3385,0.02991190769948019,2,0.339 ± 0.030
4. Forest cover dataset,CTABGAN,SVM-RBF,0,0.361,0.02366431913239846,2,0.361 ± 0.024
4. Forest cover dataset,CTGAN,AdaBoost,0,0.08399999999999999,0.02970222587992729,2,0.084 ± 0.030
4. Forest cover dataset,CTGAN,Decision Tree,0,0.1535,0.04422480450305386,2,0.153 ± 0.044
4. Forest cover dataset,CTGAN,Extra Trees,0,0.1225,0.02071633815776009,2,0.122 ± 0.021
4. Forest cover dataset,CTGAN,Gradient Boosting,0,0.1475,0.02898754521821014,2,0.147 ± 0.029
4. Forest cover dataset,CTGAN,KNN,0,0.1745,0.02033743128104213,2,0.174 ± 0.020
4. Forest cover dataset,CTGAN,Logistic Regression,0,0.1085,0.02799305469417568,2,0.108 ± 0.028
4. Forest cover dataset,CTGAN,MLP,0,0.1605,0.06889807286451809,2,0.161 ± 0.069
4. Forest cover dataset,CTGAN,Naive Bayes,0,0.168,0.02955221367906867,2,0.168 ± 0.030
4. Forest cover dataset,CTGAN,Random Forest,0,0.1125,0.02071633815776009,2,0.113 ± 0.021
4. Forest cover dataset,CTGAN,SVM-RBF,0,0.1045,0.02948163270015191,2,0.104 ± 0.029
4. Forest cover dataset,CopulaGAN,AdaBoost,0,0.045,0.03231786571610886,2,0.045 ± 0.032
4. Forest cover dataset,CopulaGAN,Decision Tree,0,0.1005,0.03789239149662282,2,0.101 ± 0.038
4. Forest cover dataset,CopulaGAN,Extra Trees,0,0.07999999999999999,0.02697735676039774,2,0.080 ± 0.027
4. Forest cover dataset,CopulaGAN,Gradient Boosting,0,0.0695,0.03050045537000682,2,0.070 ± 0.031
4. Forest cover dataset,CopulaGAN,KNN,0,0.189,0.04976611966656299,2,0.189 ± 0.050
4. Forest cover dataset,CopulaGAN,Logistic Regression,0,0.05300000000000001,0.02110818693198342,2,0.053 ± 0.021
4. Forest cover dataset,CopulaGAN,MLP,0,0.1385,0.07284115137292471,2,0.139 ± 0.073
4. Forest cover dataset,CopulaGAN,Naive Bayes,0,0.128,0.03521363372331802,2,0.128 ± 0.035
4. Forest cover dataset,CopulaGAN,Random Forest,0,0.06200000000000001,0.01782632260949458,2,0.062 ± 0.018
4. Forest cover dataset,CopulaGAN,SVM-RBF,0,0.049,0.01629587541544042,2,0.049 ± 0.016
4. Forest cover dataset,GaussianCopula,AdaBoost,0,0.496,0.03549647869859771,2,0.496 ± 0.035
4. Forest cover dataset,GaussianCopula,Decision Tree,0,0.4245,0.03624377341159597,2,0.424 ± 0.036
4. Forest cover dataset,GaussianCopula,Extra Trees,0,0.4715,0.03383374383987416,2,0.471 ± 0.034
4. Forest cover dataset,GaussianCopula,Gradient Boosting,0,0.5045000000000001,0.03312015163679728,2,0.505 ± 0.033
4. Forest cover dataset,GaussianCopula,KNN,0,0.421,0.0211869981094276,2,0.421 ± 0.021
4. Forest cover dataset,GaussianCopula,Logistic Regression,0,0.534,0.01822696415265644,2,0.534 ± 0.018
4. Forest cover dataset,GaussianCopula,MLP,0,0.372,0.05292552419306881,2,0.372 ± 0.053
4. Forest cover dataset,GaussianCopula,Naive Bayes,0,0.402,0.04151305015694864,2,0.402 ± 0.042
4. Forest cover dataset,GaussianCopula,Random Forest,0,0.5085000000000001,0.03416056856149273,2,0.509 ± 0.034
4. Forest cover dataset,GaussianCopula,SVM-RBF,0,0.538,0.01531157877047448,2,0.538 ± 0.015
4. Forest cover dataset,TVAE,AdaBoost,0,0.336,0.06410928169929843,2,0.336 ± 0.064
4. Forest cover dataset,TVAE,Decision Tree,0,0.3435,0.04441283598240491,2,0.344 ± 0.044
4. Forest cover dataset,TVAE,Extra Trees,0,0.3805000000000001,0.02976295236251494,2,0.381 ± 0.030
4. Forest cover dataset,TVAE,Gradient Boosting,0,0.33,0.04714045207910316,2,0.330 ± 0.047
4. Forest cover dataset,TVAE,KNN,0,0.4245,0.01606410768002865,2,0.424 ± 0.016
4. Forest cover dataset,TVAE,Logistic Regression,0,0.423,0.04230839160261236,2,0.423 ± 0.042
4. Forest cover dataset,TVAE,MLP,0,0.361,0.06715653356152326,2,0.361 ± 0.067
4. Forest cover dataset,TVAE,Naive Bayes,0,0.402,0.02770880325416054,2,0.402 ± 0.028
4. Forest cover dataset,TVAE,Random Forest,0,0.385,0.03800584750330461,2,0.385 ± 0.038
4. Forest cover dataset,TVAE,SVM-RBF,0,0.441,0.04221637386396684,2,0.441 ± 0.042
4. Forest cover dataset,WGAN_GP,AdaBoost,0,0.413,0.05884065110297661,2,0.413 ± 0.059
4. Forest cover dataset,WGAN_GP,Decision Tree,0,0.358,0.02428991560298225,2,0.358 ± 0.024
4. Forest cover dataset,WGAN_GP,Extra Trees,0,0.4145,0.02488305983328148,2,0.414 ± 0.025
4. Forest cover dataset,WGAN_GP,Gradient Boosting,0,0.3965,0.04136893627939798,2,0.397 ± 0.041
4. Forest cover dataset,WGAN_GP,KNN,0,0.4265,0.01958599272723012,2,0.426 ± 0.020
4. Forest cover dataset,WGAN_GP,Logistic Regression,0,0.4395000000000001,0.02948163270015191,2,0.440 ± 0.029
4. Forest cover dataset,WGAN_GP,MLP,0,0.3805,0.05809235941345663,2,0.381 ± 0.058
4. Forest cover dataset,WGAN_GP,Naive Bayes,0,0.3730000000000001,0.01903213656482694,2,0.373 ± 0.019
4. Forest cover dataset,WGAN_GP,Random Forest,0,0.4165,0.03551603706621685,2,0.416 ± 0.036
4. Forest cover dataset,WGAN_GP,SVM-RBF,0,0.4545,0.0255440795488896,2,0.455 ± 0.026
5. Bank Markting,CTABGAN,AdaBoost,0,0.88895,0.003781901344268219,2,0.889 ± 0.004
5. Bank Markting,CTABGAN,Decision Tree,0,0.5886,0.06133913016084341,2,0.589 ± 0.061
5. Bank Markting,CTABGAN,Extra Trees,0,0.88365,0.001901023116347849,2,0.884 ± 0.002
5. Bank Markting,CTABGAN,Gradient Boosting,0,0.84185,0.0326130938257763,2,0.842 ± 0.033
5. Bank Markting,CTABGAN,KNN,0,0.8771999999999999,0.0019465068427542,2,0.877 ± 0.002
5. Bank Markting,CTABGAN,Logistic Regression,0,0.88795,0.001403368962334719,2,0.888 ± 0.001
5. Bank Markting,CTABGAN,MLP,0,0.8812999999999999,0.004922736366425996,2,0.881 ± 0.005
5. Bank Markting,CTABGAN,Naive Bayes,0,0.8589,0.007640535176136424,2,0.859 ± 0.008
5. Bank Markting,CTABGAN,Random Forest,0,0.8843499999999999,0.004830746434156015,2,0.884 ± 0.005
5. Bank Markting,CTABGAN,SVM-RBF,0,0.8877,0.00188856206322872,2,0.888 ± 0.002
5. Bank Markting,CTGAN,AdaBoost,0,0.8764,0.003942644346684622,2,0.876 ± 0.004
5. Bank Markting,CTGAN,Decision Tree,0,0.74065,0.01014902841545817,2,0.741 ± 0.010
5. Bank Markting,CTGAN,Extra Trees,0,0.8119500000000001,0.009973436942420815,2,0.812 ± 0.010
5. Bank Markting,CTGAN,Gradient Boosting,0,0.8734,0.006389227044191022,2,0.873 ± 0.006
5. Bank Markting,CTGAN,KNN,0,0.82005,0.01059992138335625,2,0.820 ± 0.011
5. Bank Markting,CTGAN,Logistic Regression,0,0.8782,0.00335161652539983,2,0.878 ± 0.003
5. Bank Markting,CTGAN,MLP,0,0.8330500000000001,0.01560528756543755,2,0.833 ± 0.016
5. Bank Markting,CTGAN,Naive Bayes,0,0.7481499999999999,0.0201439955211362,2,0.748 ± 0.020
5. Bank Markting,CTGAN,Random Forest,0,0.83535,0.007149397799037976,2,0.835 ± 0.007
5. Bank Markting,CTGAN,SVM-RBF,0,0.8792,0.003895866755649866,2,0.879 ± 0.004
5. Bank Markting,CopulaGAN,AdaBoost,0,0.8741,0.004427188724235699,2,0.874 ± 0.004
5. Bank Markting,CopulaGAN,Decision Tree,0,0.79735,0.008828772407431415,2,0.797 ± 0.009
5. Bank Markting,CopulaGAN,Extra Trees,0,0.8619,0.00240138848724373,2,0.862 ± 0.002
5. Bank Markting,CopulaGAN,Gradient Boosting,0,0.87485,0.004069193204227725,2,0.875 ± 0.004
5. Bank Markting,CopulaGAN,KNN,0,0.8631500000000001,0.002646276209653449,2,0.863 ± 0.003
5. Bank Markting,CopulaGAN,Logistic Regression,0,0.8743000000000001,0.005271516754112495,2,0.874 ± 0.005
5. Bank Markting,CopulaGAN,MLP,0,0.84285,0.01560457553981455,2,0.843 ± 0.016
5. Bank Markting,CopulaGAN,Naive Bayes,0,0.80615,0.00844278126896317,2,0.806 ± 0.008
5. Bank Markting,CopulaGAN,Random Forest,0,0.8720500000000001,0.003483692166525487,2,0.872 ± 0.003
5. Bank Markting,CopulaGAN,SVM-RBF,0,0.8797,0.00359165699921359,2,0.880 ± 0.004
5. Bank Markting,ForestDiffusion,AdaBoost,0,0.8886000000000001,0.003272783388968956,2,0.889 ± 0.003
5. Bank Markting,ForestDiffusion,Decision Tree,0,0.8111,0.01806439100059069,2,0.811 ± 0.018
5. Bank Markting,ForestDiffusion,Extra Trees,0,0.8929,0.005985166849990251,2,0.893 ± 0.006
5. Bank Markting,ForestDiffusion,Gradient Boosting,0,0.8887,0.005154286242213062,2,0.889 ± 0.005
5. Bank Markting,ForestDiffusion,KNN,0,0.8830499999999999,0.007255074852205915,2,0.883 ± 0.007
5. Bank Markting,ForestDiffusion,Logistic Regression,0,0.88795,0.002266298989787349,2,0.888 ± 0.002
5. Bank Markting,ForestDiffusion,MLP,0,0.8820499999999999,0.005474435536605066,2,0.882 ± 0.005
5. Bank Markting,ForestDiffusion,Naive Bayes,0,0.8449,0.007054549359574058,2,0.845 ± 0.007
5. Bank Markting,ForestDiffusion,Random Forest,0,0.8869499999999999,0.006664374605984344,2,0.887 ± 0.007
5. Bank Markting,ForestDiffusion,SVM-RBF,0,0.8889999999999999,0.002943920288775945,2,0.889 ± 0.003
5. Bank Markting,GaussianCopula,AdaBoost,0,0.8795,0.0,2,0.879 ± 0.000
5. Bank Markting,GaussianCopula,Decision Tree,0,0.7673,0.0171888206563323,2,0.767 ± 0.017
5. Bank Markting,GaussianCopula,Extra Trees,0,0.8684000000000001,0.001329160135825125,2,0.868 ± 0.001
5. Bank Markting,GaussianCopula,Gradient Boosting,0,0.8686499999999999,0.008547416763755766,2,0.869 ± 0.009
5. Bank Markting,GaussianCopula,KNN,0,0.87105,0.002871797733515065,2,0.871 ± 0.003
5. Bank Markting,GaussianCopula,Logistic Regression,0,0.8798499999999999,0.0005296749527356842,2,0.880 ± 0.001
5. Bank Markting,GaussianCopula,MLP,0,0.8379,0.02928196259360589,2,0.838 ± 0.029
5. Bank Markting,GaussianCopula,Naive Bayes,0,0.7927500000000001,0.01217294358631287,2,0.793 ± 0.012
5. Bank Markting,GaussianCopula,Random Forest,0,0.8773500000000001,0.001131616346451198,2,0.877 ± 0.001
5. Bank Markting,GaussianCopula,SVM-RBF,0,0.8795,0.0,2,0.879 ± 0.000
5. Bank Markting,TVAE,AdaBoost,0,0.8782500000000001,0.002288255036290997,2,0.878 ± 0.002
5. Bank Markting,TVAE,Decision Tree,0,0.8602000000000001,0.004613988392799545,2,0.860 ± 0.005
5. Bank Markting,TVAE,Extra Trees,0,0.8713500000000002,0.003901922603025313,2,0.871 ± 0.004
5. Bank Markting,TVAE,Gradient Boosting,0,0.87625,0.003653385036130484,2,0.876 ± 0.004
5. Bank Markting,TVAE,KNN,0,0.8696999999999999,0.01279366162510866,2,0.870 ± 0.013
5. Bank Markting,TVAE,Logistic Regression,0,0.8346,0.005227066311251671,2,0.835 ± 0.005
5. Bank Markting,TVAE,MLP,0,0.8495000000000001,0.004515405728048043,2,0.850 ± 0.005
5. Bank Markting,TVAE,Naive Bayes,0,0.65925,0.01051520063738417,2,0.659 ± 0.011
5. Bank Markting,TVAE,Random Forest,0,0.8744999999999999,0.003214550253664294,2,0.874 ± 0.003
5. Bank Markting,TVAE,SVM-RBF,0,0.87935,0.002906410539174097,2,0.879 ± 0.003
5. Bank Markting,TabDDPM,AdaBoost,0,0.8795,0.0,2,0.879 ± 0.000
5. Bank Markting,TabDDPM,Decision Tree,0,0.70895,0.08085290141155521,2,0.709 ± 0.081
5. Bank Markting,TabDDPM,Extra Trees,0,0.87645,0.001935774321097921,2,0.876 ± 0.002
5. Bank Markting,TabDDPM,Gradient Boosting,0,0.87585,0.005302253189813613,2,0.876 ± 0.005
5. Bank Markting,TabDDPM,KNN,0,0.8726499999999999,0.005436757612155723,2,0.873 ± 0.005
5. Bank Markting,TabDDPM,Logistic Regression,0,0.8795,0.0,2,0.879 ± 0.000
5. Bank Markting,TabDDPM,MLP,0,0.8526,0.05541550124087824,2,0.853 ± 0.055
5. Bank Markting,TabDDPM,Naive Bayes,0,0.8525500000000001,0.05086389791503508,2,0.853 ± 0.051
5. Bank Markting,TabDDPM,Random Forest,0,0.8794000000000001,0.0002108185106778687,2,0.879 ± 0.000
5. Bank Markting,TabDDPM,SVM-RBF,0,0.8795,0.0,2,0.879 ± 0.000
5. Bank Markting,WGAN_GP,AdaBoost,0,0.8797499999999999,0.0005892556509887979,2,0.880 ± 0.001
5. Bank Markting,WGAN_GP,Decision Tree,0,0.7436,0.04540056289420992,2,0.744 ± 0.045
5. Bank Markting,WGAN_GP,Extra Trees,0,0.8773,0.001512907429054691,2,0.877 ± 0.002
5. Bank Markting,WGAN_GP,Gradient Boosting,0,0.8791499999999999,0.00151015083867657,2,0.879 ± 0.002
5. Bank Markting,WGAN_GP,KNN,0,0.8642000000000001,0.003284644408286659,2,0.864 ± 0.003
5. Bank Markting,WGAN_GP,Logistic Regression,0,0.8795,0.0,2,0.879 ± 0.000
5. Bank Markting,WGAN_GP,MLP,0,0.8734,0.002685351208149686,2,0.873 ± 0.003
5. Bank Markting,WGAN_GP,Naive Bayes,0,0.8662000000000001,0.003735713526965847,2,0.866 ± 0.004
5. Bank Markting,WGAN_GP,Random Forest,0,0.87965,0.0004743416490252541,2,0.880 ± 0.000
5. Bank Markting,WGAN_GP,SVM-RBF,0,0.8795,0.0,2,0.879 ± 0.000
6. Wine dataset,CTABGAN,AdaBoost,0,0.419,0.03849963924794909,2,0.419 ± 0.038
6. Wine dataset,CTABGAN,Decision Tree,0,0.3215,0.02539138086481753,2,0.322 ± 0.025
6. Wine dataset,CTABGAN,Extra Trees,0,0.434,0.02458545188611437,2,0.434 ± 0.025
6. Wine dataset,CTABGAN,Gradient Boosting,0,0.4075,0.03181980515339463,2,0.407 ± 0.032
6. Wine dataset,CTABGAN,KNN,0,0.4015,0.02667187449147301,2,0.402 ± 0.027
6. Wine dataset,CTABGAN,Logistic Regression,0,0.462,0.005868938953886325,2,0.462 ± 0.006
6. Wine dataset,CTABGAN,MLP,0,0.348,0.0286937856222098,2,0.348 ± 0.029
6. Wine dataset,CTABGAN,Naive Bayes,0,0.408,0.03895866755649863,2,0.408 ± 0.039
6. Wine dataset,CTABGAN,Random Forest,0,0.4235,0.0282891812850386,2,0.423 ± 0.028
6. Wine dataset,CTABGAN,SVM-RBF,0,0.4600000000000001,0.007453559924999294,2,0.460 ± 0.007
6. Wine dataset,CTGAN,AdaBoost,0,0.292,0.03128720008068617,2,0.292 ± 0.031
6. Wine dataset,CTGAN,Decision Tree,0,0.2235,0.02799305469417568,2,0.224 ± 0.028
6. Wine dataset,CTGAN,Extra Trees,0,0.2645,0.02510533365199072,2,0.265 ± 0.025
6. Wine dataset,CTGAN,Gradient Boosting,0,0.238,0.01828782229912694,2,0.238 ± 0.018
6. Wine dataset,CTGAN,KNN,0,0.2165,0.02108843811718217,2,0.216 ± 0.021
6. Wine dataset,CTGAN,Logistic Regression,0,0.322,0.03591656999213595,2,0.322 ± 0.036
6. Wine dataset,CTGAN,MLP,0,0.1745,0.02929258533410043,2,0.174 ± 0.029
6. Wine dataset,CTGAN,Naive Bayes,0,0.2715,0.02867926079939998,2,0.272 ± 0.029
6. Wine dataset,CTGAN,Random Forest,0,0.2675,0.02840676758176552,2,0.268 ± 0.028
6. Wine dataset,CTGAN,SVM-RBF,0,0.2615,0.02838720368992574,2,0.262 ± 0.028
6. Wine dataset,CopulaGAN,AdaBoost,0,0.3415,0.0344036496771943,2,0.342 ± 0.034
6. Wine dataset,CopulaGAN,Decision Tree,0,0.2165,0.03916134715648979,2,0.216 ± 0.039
6. Wine dataset,CopulaGAN,Extra Trees,0,0.351,0.03053231439347863,2,0.351 ± 0.031
6. Wine dataset,CopulaGAN,Gradient Boosting,0,0.2905,0.03601311489505516,2,0.290 ± 0.036
6. Wine dataset,CopulaGAN,KNN,0,0.2885000000000001,0.02483836638034885,2,0.289 ± 0.025
6. Wine dataset,CopulaGAN,Logistic Regression,0,0.3225,0.02058181505871412,2,0.323 ± 0.021
6. Wine dataset,CopulaGAN,MLP,0,0.2145,0.0394017766096911,2,0.214 ± 0.039
6. Wine dataset,CopulaGAN,Naive Bayes,0,0.237,0.02551687894533952,2,0.237 ± 0.026
6. Wine dataset,CopulaGAN,Random Forest,0,0.3345,0.03609016486523718,2,0.335 ± 0.036
6. Wine dataset,CopulaGAN,SVM-RBF,0,0.323,0.03513466158147029,2,0.323 ± 0.035
6. Wine dataset,ForestDiffusion,Decision Tree,0,0.5425000000000001,0.04411160089288681,2,0.543 ± 0.044
6. Wine dataset,ForestDiffusion,Extra Trees,0,0.6725,0.06985103196565293,2,0.672 ± 0.070
6. Wine dataset,ForestDiffusion,Gradient Boosting,0,0.611,0.05591660457025861,2,0.611 ± 0.056
6. Wine dataset,ForestDiffusion,KNN,0,0.5880000000000001,0.0483735464897913,2,0.588 ± 0.048
6. Wine dataset,ForestDiffusion,Logistic Regression,0,0.5255,0.03897648863952045,2,0.525 ± 0.039
6. Wine dataset,ForestDiffusion,MLP,0,0.599,0.07026932316294059,2,0.599 ± 0.070
6. Wine dataset,ForestDiffusion,Naive Bayes,0,0.413,0.03780064667289289,2,0.413 ± 0.038
6. Wine dataset,ForestDiffusion,Random Forest,0,0.6525000000000001,0.06460349147771435,2,0.653 ± 0.065
6. Wine dataset,ForestDiffusion,SVM-RBF,0,0.587,0.03343318378165289,2,0.587 ± 0.033
6. Wine dataset,GaussianCopula,AdaBoost,0,0.402,0.04541169697580374,2,0.402 ± 0.045
6. Wine dataset,GaussianCopula,Decision Tree,0,0.326,0.03116265571338731,2,0.326 ± 0.031
6. Wine dataset,GaussianCopula,Extra Trees,0,0.4269999999999999,0.02658320271650251,2,0.427 ± 0.027
6. Wine dataset,GaussianCopula,Gradient Boosting,0,0.415,0.01748014746950252,2,0.415 ± 0.017
6. Wine dataset,GaussianCopula,KNN,0,0.385,0.03965125751123439,2,0.385 ± 0.040
6. Wine dataset,GaussianCopula,Logistic Regression,0,0.4465,0.01528434202414717,2,0.447 ± 0.015
6. Wine dataset,GaussianCopula,MLP,0,0.3445,0.03427422095718912,2,0.344 ± 0.034
6. Wine dataset,GaussianCopula,Naive Bayes,0,0.4065,0.02656752403468064,2,0.406 ± 0.027
6. Wine dataset,GaussianCopula,Random Forest,0,0.425,0.0209496751499609,2,0.425 ± 0.021
6. Wine dataset,GaussianCopula,SVM-RBF,0,0.444,0.01100504934614613,2,0.444 ± 0.011
6. Wine dataset,TVAE,AdaBoost,0,0.4855,0.0334539484465835,2,0.485 ± 0.033
6. Wine dataset,TVAE,Decision Tree,0,0.4585,0.03464502529624964,2,0.459 ± 0.035
6. Wine dataset,TVAE,Extra Trees,0,0.5065,0.02249073883475895,2,0.506 ± 0.022
6. Wine dataset,TVAE,Gradient Boosting,0,0.4949999999999999,0.02808716591058787,2,0.495 ± 0.028
6. Wine dataset,TVAE,KNN,0,0.4865,0.03018921809005476,2,0.486 ± 0.030
6. Wine dataset,TVAE,Logistic Regression,0,0.4989999999999999,0.01926424436906654,2,0.499 ± 0.019
6. Wine dataset,TVAE,MLP,0,0.504,0.02118699810942762,2,0.504 ± 0.021
6. Wine dataset,TVAE,Naive Bayes,0,0.4705,0.04474930167052889,2,0.470 ± 0.045
6. Wine dataset,TVAE,Random Forest,0,0.5055000000000001,0.01499073788117925,2,0.506 ± 0.015
6. Wine dataset,TVAE,SVM-RBF,0,0.493,0.0207096327560121,2,0.493 ± 0.021
6. Wine dataset,TabDDPM,Decision Tree,0,0.3125000000000001,0.03529636430757895,2,0.313 ± 0.035
6. Wine dataset,TabDDPM,Extra Trees,0,0.4425000000000001,0.03002313922441971,2,0.443 ± 0.030
6. Wine dataset,TabDDPM,Gradient Boosting,0,0.4025,0.03259601202601325,2,0.403 ± 0.033
6. Wine dataset,TabDDPM,KNN,0,0.398,0.03326659986633241,2,0.398 ± 0.033
6. Wine dataset,TabDDPM,Logistic Regression,0,0.4695,0.02153163047962487,2,0.469 ± 0.022
6. Wine dataset,TabDDPM,MLP,0,0.388,0.03409138046812159,2,0.388 ± 0.034
6. Wine dataset,TabDDPM,Naive Bayes,0,0.259,0.04427188724235732,2,0.259 ± 0.044
6. Wine dataset,TabDDPM,Random Forest,0,0.437,0.0216281709300111,2,0.437 ± 0.022
6. Wine dataset,TabDDPM,SVM-RBF,0,0.4600000000000001,0.003333333333333337,2,0.460 ± 0.003
6. Wine dataset,WGAN_GP,AdaBoost,0,0.409,0.04306326095924975,2,0.409 ± 0.043
6. Wine dataset,WGAN_GP,Decision Tree,0,0.3555,0.03554730807123251,2,0.355 ± 0.036
6. Wine dataset,WGAN_GP,Extra Trees,0,0.48,0.0298142396999972,2,0.480 ± 0.030
6. Wine dataset,WGAN_GP,Gradient Boosting,0,0.4305,0.03593589972282437,2,0.430 ± 0.036
6. Wine dataset,WGAN_GP,KNN,0,0.413,0.02428991560298224,2,0.413 ± 0.024
6. Wine dataset,WGAN_GP,Logistic Regression,0,0.4555000000000001,0.0491285162722335,2,0.456 ± 0.049
6. Wine dataset,WGAN_GP,MLP,0,0.3724999999999999,0.03199392303408744,2,0.372 ± 0.032
6. Wine dataset,WGAN_GP,Naive Bayes,0,0.3789999999999999,0.03016620625799671,2,0.379 ± 0.030
6. Wine dataset,WGAN_GP,Random Forest,0,0.4635,0.03000462927246024,2,0.464 ± 0.030
6. Wine dataset,WGAN_GP,SVM-RBF,0,0.4765,0.02667187449147302,2,0.476 ± 0.027
7. CDC diabetes dataset,CTABGAN,AdaBoost,0,0.2795199545519103,0.01869016537177591,2,0.280 ± 0.019
7. CDC diabetes dataset,CTABGAN,Decision Tree,0,0.3746058798466126,0.02433496152375183,2,0.375 ± 0.024
7. CDC diabetes dataset,CTABGAN,Extra Trees,0,0.2278937650901861,0.009027312737663929,2,0.228 ± 0.009
7. CDC diabetes dataset,CTABGAN,Gradient Boosting,0,0.1931543814799034,0.01417964354295058,2,0.193 ± 0.014
7. CDC diabetes dataset,CTABGAN,KNN,0,0.251967050134924,0.008115213173614397,2,0.252 ± 0.008
7. CDC diabetes dataset,CTABGAN,Logistic Regression,0,0.2569663400085215,0.009204520259764428,2,0.257 ± 0.009
7. CDC diabetes dataset,CTABGAN,MLP,0,0.3077687828433461,0.01686325192982109,2,0.308 ± 0.017
7. CDC diabetes dataset,CTABGAN,Naive Bayes,0,0.5473086209345264,0.02737016933343622,2,0.547 ± 0.027
7. CDC diabetes dataset,CTABGAN,Random Forest,0,0.2000710126402499,0.01467129396831326,2,0.200 ± 0.015
7. CDC diabetes dataset,CTABGAN,SVM-RBF,0,0.2268995881266866,0.009133937188994318,2,0.227 ± 0.009
7. CDC diabetes dataset,CTGAN,AdaBoost,0,0.05162618946172418,0.01877230931161812,2,0.052 ± 0.019
7. CDC diabetes dataset,CTGAN,Decision Tree,0,0.2325948018747337,0.03316769562348725,2,0.233 ± 0.033
7. CDC diabetes dataset,CTGAN,Extra Trees,0,0.06322965487856838,0.009249717375026318,2,0.063 ± 0.009
7. CDC diabetes dataset,CTGAN,Gradient Boosting,0,0.02949865075983525,0.009889702763768824,2,0.029 ± 0.010
7. CDC diabetes dataset,CTGAN,KNN,0,0.1032097713392984,0.01032789441967396,2,0.103 ± 0.010
7. CDC diabetes dataset,CTGAN,Logistic Regression,0,0.05458031529612271,0.007519041551931992,2,0.055 ± 0.008
7. CDC diabetes dataset,CTGAN,MLP,0,0.1081664536287459,0.01156912514484226,2,0.108 ± 0.012
7. CDC diabetes dataset,CTGAN,Naive Bayes,0,0.4404772049424798,0.02846869734702603,2,0.440 ± 0.028
7. CDC diabetes dataset,CTGAN,Random Forest,0,0.02910097997443545,0.007082904828883541,2,0.029 ± 0.007
7. CDC diabetes dataset,CTGAN,SVM-RBF,0,0.0247976139752876,0.008934327145043419,2,0.025 ± 0.009
7. CDC diabetes dataset,CopulaGAN,AdaBoost,0,0.3071296690810964,0.01947417273302633,2,0.307 ± 0.019
7. CDC diabetes dataset,CopulaGAN,Decision Tree,0,0.3867916489135066,0.02833112093419404,2,0.387 ± 0.028
7. CDC diabetes dataset,CopulaGAN,Extra Trees,0,0.2838943331913081,0.0216559866412597,2,0.284 ± 0.022
7. CDC diabetes dataset,CopulaGAN,Gradient Boosting,0,0.2472802158784264,0.03303438720737779,2,0.247 ± 0.033
7. CDC diabetes dataset,CopulaGAN,KNN,0,0.2731004118733135,0.02125273909274164,2,0.273 ± 0.021
7. CDC diabetes dataset,CopulaGAN,Logistic Regression,0,0.3051839227382474,0.02950407621468782,2,0.305 ± 0.030
7. CDC diabetes dataset,CopulaGAN,MLP,0,0.3462150262746769,0.02180076952692113,2,0.346 ± 0.022
7. CDC diabetes dataset,CopulaGAN,Naive Bayes,0,0.6049424797613975,0.01107126917136316,2,0.605 ± 0.011
7. CDC diabetes dataset,CopulaGAN,Random Forest,0,0.2561852009657719,0.02370510426504031,2,0.256 ± 0.024
7. CDC diabetes dataset,CopulaGAN,SVM-RBF,0,0.2632722624627183,0.02464096049651428,2,0.263 ± 0.025
7. CDC diabetes dataset,ForestDiffusion,AdaBoost,0,0.2357619656298821,0.05021098864555093,2,0.236 ± 0.050
7. CDC diabetes dataset,ForestDiffusion,Decision Tree,0,0.3313733844624343,0.02846916497887783,2,0.331 ± 0.028
7. CDC diabetes dataset,ForestDiffusion,Extra Trees,0,0.1306632580599347,0.01363324333261546,2,0.131 ± 0.014
7. CDC diabetes dataset,ForestDiffusion,Gradient Boosting,0,0.1538985939497231,0.01868074662662275,2,0.154 ± 0.019
7. CDC diabetes dataset,ForestDiffusion,KNN,0,0.168115324527766,0.01152280256385812,2,0.168 ± 0.012
7. CDC diabetes dataset,ForestDiffusion,Logistic Regression,0,0.1914642806419543,0.01030959740478241,2,0.191 ± 0.010
7. CDC diabetes dataset,ForestDiffusion,MLP,0,0.2322965487856838,0.01168656640890678,2,0.232 ± 0.012
7. CDC diabetes dataset,ForestDiffusion,Naive Bayes,0,0.9553756568669224,0.005611274864304836,2,0.955 ± 0.006
7. CDC diabetes dataset,ForestDiffusion,Random Forest,0,0.1295128532878853,0.01107295433695692,2,0.130 ± 0.011
7. CDC diabetes dataset,ForestDiffusion,SVM-RBF,0,0.1246129811106377,0.01208270422522765,2,0.125 ± 0.012
7. CDC diabetes dataset,GaussianCopula,AdaBoost,0,0.0,0.0,2,0.000 ± 0.000
7. CDC diabetes dataset,GaussianCopula,Decision Tree,0,0.2443402925720778,0.04682382877925451,2,0.244 ± 0.047
7. CDC diabetes dataset,GaussianCopula,Extra Trees,0,0.009615111489845191,0.002121888110859017,2,0.010 ± 0.002
7. CDC diabetes dataset,GaussianCopula,Gradient Boosting,0,0.01758272972589121,0.01065015371822589,2,0.018 ± 0.011
7. CDC diabetes dataset,GaussianCopula,KNN,0,0.02185769066893907,0.002439736378186531,2,0.022 ± 0.002
7. CDC diabetes dataset,GaussianCopula,Logistic Regression,0,0.02361880414713819,0.02719263435978542,2,0.024 ± 0.027
7. CDC diabetes dataset,GaussianCopula,MLP,0,0.07253231075131372,0.02198283881624302,2,0.073 ± 0.022
7. CDC diabetes dataset,GaussianCopula,Naive Bayes,0,0.2077119727311461,0.05524952269258118,2,0.208 ± 0.055
7. CDC diabetes dataset,GaussianCopula,Random Forest,0,0.002073569095298963,0.001384582599852741,2,0.002 ± 0.001
7. CDC diabetes dataset,GaussianCopula,SVM-RBF,0,0.001789518534299105,0.003768998808070262,2,0.002 ± 0.004
7. CDC diabetes dataset,TVAE,AdaBoost,0,0.2573072006817213,0.01412463371552337,2,0.257 ± 0.014
7. CDC diabetes dataset,TVAE,Decision Tree,0,0.3070018463286465,0.02383141886603606,2,0.307 ± 0.024
7. CDC diabetes dataset,TVAE,Extra Trees,0,0.1557023150120722,0.01830992317810021,2,0.156 ± 0.018
7. CDC diabetes dataset,TVAE,Gradient Boosting,0,0.2258059934668371,0.01953469320409679,2,0.226 ± 0.020
7. CDC diabetes dataset,TVAE,KNN,0,0.2514841641812243,0.02781368861519266,2,0.251 ± 0.028
7. CDC diabetes dataset,TVAE,Logistic Regression,0,0.3289021445817356,0.02094743375572383,2,0.329 ± 0.021
7. CDC diabetes dataset,TVAE,MLP,0,0.3494532026700752,0.02857711346915013,2,0.349 ± 0.029
7. CDC diabetes dataset,TVAE,Naive Bayes,0,0.5326374094588837,0.01903722138814827,2,0.533 ± 0.019
7. CDC diabetes dataset,TVAE,Random Forest,0,0.1834824598778583,0.01728447663684136,2,0.183 ± 0.017
7. CDC diabetes dataset,TVAE,SVM-RBF,0,0.3392273824740804,0.02737540505294946,2,0.339 ± 0.027
7. CDC diabetes dataset,TabDDPM,AdaBoost,0,0.0001562278085499219,0.0002329387795321222,2,0.000 ± 0.000
7. CDC diabetes dataset,TabDDPM,Decision Tree,0,0.1745916773185627,0.0448853839259956,2,0.175 ± 0.045
7. CDC diabetes dataset,TabDDPM,Extra Trees,0,0.007285896889646357,0.002043437308587493,2,0.007 ± 0.002
7. CDC diabetes dataset,TabDDPM,Gradient Boosting,0,0.005169720210197415,0.003746991905084153,2,0.005 ± 0.004
7. CDC diabetes dataset,TabDDPM,KNN,0,0.01634710978554182,0.002488848681350422,2,0.016 ± 0.002
7. CDC diabetes dataset,TabDDPM,Logistic Regression,0,0.0005112910097997443,0.0005434207206280071,2,0.001 ± 0.001
7. CDC diabetes dataset,TabDDPM,MLP,0,0.02289447521658855,0.01039500870734086,2,0.023 ± 0.010
7. CDC diabetes dataset,TabDDPM,Naive Bayes,0,0.002130379207498935,0.003106427635731815,2,0.002 ± 0.003
7. CDC diabetes dataset,TabDDPM,Random Forest,0,0.001505467973299247,0.0007106942765628066,2,0.002 ± 0.001
7. CDC diabetes dataset,TabDDPM,SVM-RBF,0,0.0,0.0,2,0.000 ± 0.000
7. CDC diabetes dataset,WGAN_GP,AdaBoost,0,0.09937508876580033,0.06723711533496661,2,0.099 ± 0.067
7. CDC diabetes dataset,WGAN_GP,Decision Tree,0,0.1930691663116035,0.07551630408469603,2,0.193 ± 0.076
7. CDC diabetes dataset,WGAN_GP,Extra Trees,0,0.08204800454480898,0.01498027425641524,2,0.082 ± 0.015
7. CDC diabetes dataset,WGAN_GP,Gradient Boosting,0,0.07156653884391422,0.024728591729853,2,0.072 ± 0.025
7. CDC diabetes dataset,WGAN_GP,KNN,0,0.1554892770913223,0.0129538890715299,2,0.155 ± 0.013
7. CDC diabetes dataset,WGAN_GP,Logistic Regression,0,0.1564408464706718,0.01284543878806553,2,0.156 ± 0.013
7. CDC diabetes dataset,WGAN_GP,MLP,0,0.1864507882403068,0.01075438081728282,2,0.186 ± 0.011
7. CDC diabetes dataset,WGAN_GP,Naive Bayes,0,0.6334895611418834,0.01250616266749133,2,0.633 ± 0.013
7. CDC diabetes dataset,WGAN_GP,Random Forest,0,0.05423945462292288,0.02248161497175762,2,0.054 ± 0.022
7. CDC diabetes dataset,WGAN_GP,SVM-RBF,0,0.1049424797613975,0.01885724048470422,2,0.105 ± 0.019
8. Mushroom dataset,CTABGAN,AdaBoost,0,0.9410379481025947,0.04531364791316147,2,0.941 ± 0.045
8. Mushroom dataset,CTABGAN,Decision Tree,0,0.5928903554822259,0.1063789237780041,2,0.593 ± 0.106
8. Mushroom dataset,CTABGAN,Extra Trees,0,0.7452977351132443,0.02083529728497845,2,0.745 ± 0.021
8. Mushroom dataset,CTABGAN,Gradient Boosting,0,0.9168741562921854,0.0317937967679482,2,0.917 ± 0.032
8. Mushroom dataset,CTABGAN,KNN,0,0.6394180290985451,0.02770422793828814,2,0.639 ± 0.028
8. Mushroom dataset,CTABGAN,Logistic Regression,0,0.9443227838608068,0.01609508291941835,2,0.944 ± 0.016
8. Mushroom dataset,CTABGAN,MLP,0,0.6365981700914953,0.01965849570512758,2,0.637 ± 0.020
8. Mushroom dataset,CTABGAN,Naive Bayes,0,0.9119544022798859,0.03976776142255755,2,0.912 ± 0.040
8. Mushroom dataset,CTABGAN,Random Forest,0,0.7604169791510424,0.0318020924651673,2,0.760 ± 0.032
8. Mushroom dataset,CTABGAN,SVM-RBF,0,0.9467226638668066,0.01536567567700291,2,0.947 ± 0.015
8. Mushroom dataset,CTGAN,AdaBoost,0,0.5603569821508925,0.05310537166708807,2,0.560 ± 0.053
8. Mushroom dataset,CTGAN,Decision Tree,0,0.5584370781460927,0.0692517973186782,2,0.558 ± 0.069
8. Mushroom dataset,CTGAN,Extra Trees,0,0.5549272536373182,0.03375611462570669,2,0.555 ± 0.034
8. Mushroom dataset,CTGAN,Gradient Boosting,0,0.6337783110844459,0.04303034666717832,2,0.634 ± 0.043
8. Mushroom dataset,CTGAN,KNN,0,0.4309284535773211,0.02373002712121285,2,0.431 ± 0.024
8. Mushroom dataset,CTGAN,Logistic Regression,0,0.6049797510124495,0.02112746463511145,2,0.605 ± 0.021
8. Mushroom dataset,CTGAN,MLP,0,0.4710814459277036,0.02396428164758531,2,0.471 ± 0.024
8. Mushroom dataset,CTGAN,Naive Bayes,0,0.5195590220488976,0.05170585236507935,2,0.520 ± 0.052
8. Mushroom dataset,CTGAN,Random Forest,0,0.5566371681415929,0.02456055173284603,2,0.557 ± 0.025
8. Mushroom dataset,CTGAN,SVM-RBF,0,0.6058947052647368,0.02138056152246889,2,0.606 ± 0.021
8. Mushroom dataset,CopulaGAN,AdaBoost,0,0.9374381280935953,0.03347955247840662,2,0.937 ± 0.033
8. Mushroom dataset,CopulaGAN,Decision Tree,0,0.6779511024448778,0.04324106891973638,2,0.678 ± 0.043
8. Mushroom dataset,CopulaGAN,Extra Trees,0,0.8493625318734063,0.01688092792813279,2,0.849 ± 0.017
8. Mushroom dataset,CopulaGAN,Gradient Boosting,0,0.9455677216139191,0.01833831766465476,2,0.946 ± 0.018
8. Mushroom dataset,CopulaGAN,KNN,0,0.7852257387130643,0.02023381039913529,2,0.785 ± 0.020
8. Mushroom dataset,CopulaGAN,Logistic Regression,0,0.9019799010049498,0.01801037719817063,2,0.902 ± 0.018
8. Mushroom dataset,CopulaGAN,MLP,0,0.7391780410979452,0.0343615402812965,2,0.739 ± 0.034
8. Mushroom dataset,CopulaGAN,Naive Bayes,0,0.760161991900405,0.03664657827782319,2,0.760 ± 0.037
8. Mushroom dataset,CopulaGAN,Random Forest,0,0.8549122543872807,0.02581179184935698,2,0.855 ± 0.026
8. Mushroom dataset,CopulaGAN,SVM-RBF,0,0.9162741862906856,0.01905917820538132,2,0.916 ± 0.019
8. Mushroom dataset,ForestDiffusion,AdaBoost,0,0.7405129743512825,0.02783700788809631,2,0.741 ± 0.028
8. Mushroom dataset,ForestDiffusion,Decision Tree,0,0.8095845207739613,0.02531687241731768,2,0.810 ± 0.025
8. Mushroom dataset,ForestDiffusion,Extra Trees,0,0.9342882855857206,0.008863643065170833,2,0.934 ± 0.009
8. Mushroom dataset,ForestDiffusion,Gradient Boosting,0,0.8438878056097195,0.02446228235832,2,0.844 ± 0.024
8. Mushroom dataset,ForestDiffusion,KNN,0,0.8456127193640318,0.00864666110925219,2,0.846 ± 0.009
8. Mushroom dataset,ForestDiffusion,Logistic Regression,0,0.7046197690115493,0.00835231995919257,2,0.705 ± 0.008
8. Mushroom dataset,ForestDiffusion,MLP,0,0.8815059247037649,0.01113081803728929,2,0.882 ± 0.011
8. Mushroom dataset,ForestDiffusion,Naive Bayes,0,0.4058047097645117,0.009362764476637342,2,0.406 ± 0.009
8. Mushroom dataset,ForestDiffusion,Random Forest,0,0.9408129593520325,0.008526173248019027,2,0.941 ± 0.009
8. Mushroom dataset,ForestDiffusion,SVM-RBF,0,0.7052647367631618,0.007750128605416733,2,0.705 ± 0.008
8. Mushroom dataset,GaussianCopula,AdaBoost,0,0.6790910454477276,0.03156878939177367,2,0.679 ± 0.032
8. Mushroom dataset,GaussianCopula,Decision Tree,0,0.5768711564421779,0.04165580961900132,2,0.577 ± 0.042
8. Mushroom dataset,GaussianCopula,Extra Trees,0,0.6578221088945553,0.02556200073895396,2,0.658 ± 0.026
8. Mushroom dataset,GaussianCopula,Gradient Boosting,0,0.7290385480725964,0.03066532384372371,2,0.729 ± 0.031
8. Mushroom dataset,GaussianCopula,KNN,0,0.6018299085045749,0.02020184614140405,2,0.602 ± 0.020
8. Mushroom dataset,GaussianCopula,Logistic Regression,0,0.7290535473226339,0.02340846220963282,2,0.729 ± 0.023
8. Mushroom dataset,GaussianCopula,MLP,0,0.6482225888705566,0.0306199357381688,2,0.648 ± 0.031
8. Mushroom dataset,GaussianCopula,Naive Bayes,0,0.6940902954852258,0.05348734456154031,2,0.694 ± 0.053
8. Mushroom dataset,GaussianCopula,Random Forest,0,0.6486575671216439,0.03558195173547793,2,0.649 ± 0.036
8. Mushroom dataset,GaussianCopula,SVM-RBF,0,0.732068396580171,0.02378864505645263,2,0.732 ± 0.024
8. Mushroom dataset,TVAE,AdaBoost,0,0.6778611069446527,0.0137488480042976,2,0.678 ± 0.014
8. Mushroom dataset,TVAE,Decision Tree,0,0.5997750112494376,0.01506734953235786,2,0.600 ± 0.015
8. Mushroom dataset,TVAE,Extra Trees,0,0.684640767961602,0.01511746574831875,2,0.685 ± 0.015
8. Mushroom dataset,TVAE,Gradient Boosting,0,0.6605819709014551,0.01669537812504069,2,0.661 ± 0.017
8. Mushroom dataset,TVAE,KNN,0,0.6520323983800809,0.03027118082054798,2,0.652 ± 0.030
8. Mushroom dataset,TVAE,Logistic Regression,0,0.6703914804259787,0.01209487478375372,2,0.670 ± 0.012
8. Mushroom dataset,TVAE,MLP,0,0.6312734363281836,0.01734513300277564,2,0.631 ± 0.017
8. Mushroom dataset,TVAE,Naive Bayes,0,0.5061496925153742,0.01542930063460538,2,0.506 ± 0.015
8. Mushroom dataset,TVAE,Random Forest,0,0.6544322783860806,0.01333372587579918,2,0.654 ± 0.013
8. Mushroom dataset,TVAE,SVM-RBF,0,0.6773061346932653,0.0121610900177257,2,0.677 ± 0.012
8. Mushroom dataset,TabDDPM,AdaBoost,0,0.6064196790160492,0.07512839714970289,2,0.606 ± 0.075
8. Mushroom dataset,TabDDPM,Decision Tree,0,0.5367181640917955,0.05949013622880233,2,0.537 ± 0.059
8. Mushroom dataset,TabDDPM,Extra Trees,0,0.5448927553622319,0.05282670278344706,2,0.545 ± 0.053
8. Mushroom dataset,TabDDPM,Gradient Boosting,0,0.6208339583020848,0.06568566855493009,2,0.621 ± 0.066
8. Mushroom dataset,TabDDPM,KNN,0,0.5466776661166942,0.03266208874412134,2,0.547 ± 0.033
8. Mushroom dataset,TabDDPM,Logistic Regression,0,0.6659217039148043,0.04799516502372499,2,0.666 ± 0.048
8. Mushroom dataset,TabDDPM,MLP,0,0.5387730613469327,0.04045400898828645,2,0.539 ± 0.040
8. Mushroom dataset,TabDDPM,Naive Bayes,0,0.7862906854657268,0.06096997914441964,2,0.786 ± 0.061
8. Mushroom dataset,TabDDPM,Random Forest,0,0.523638818059097,0.06097158979582164,2,0.524 ± 0.061
8. Mushroom dataset,TabDDPM,SVM-RBF,0,0.6640167991600421,0.04816324349956423,2,0.664 ± 0.048
8. Mushroom dataset,WGAN_GP,AdaBoost,0,0.7788660566971652,0.02308472294017011,2,0.779 ± 0.023
8. Mushroom dataset,WGAN_GP,Decision Tree,0,0.6519274036298185,0.04805560279645481,2,0.652 ± 0.048
8. Mushroom dataset,WGAN_GP,Extra Trees,0,0.8090595470226489,0.009941459474909563,2,0.809 ± 0.010
8. Mushroom dataset,WGAN_GP,Gradient Boosting,0,0.8341982900854956,0.01515046024982678,2,0.834 ± 0.015
8. Mushroom dataset,WGAN_GP,KNN,0,0.7727613619319034,0.007305420107720163,2,0.773 ± 0.007
8. Mushroom dataset,WGAN_GP,Logistic Regression,0,0.7245237738113094,0.0126763098224683,2,0.725 ± 0.013
8. Mushroom dataset,WGAN_GP,MLP,0,0.8112494375281237,0.00962063636690411,2,0.811 ± 0.010
8. Mushroom dataset,WGAN_GP,Naive Bayes,0,0.5738413079346033,0.01742649508557863,2,0.574 ± 0.017
8. Mushroom dataset,WGAN_GP,Random Forest,0,0.8105594720263987,0.01076962864819004,2,0.811 ± 0.011
8. Mushroom dataset,WGAN_GP,SVM-RBF,0,0.7267586620668967,0.013306634356799,2,0.727 ± 0.013
9. MAGIC Gamma Telescope,CTABGAN,AdaBoost,0,0.8944444444444445,0.02256212745234045,2,0.894 ± 0.023
9. MAGIC Gamma Telescope,CTABGAN,Decision Tree,0,0.8408353609083535,0.01615482405668359,2,0.841 ± 0.016
9. MAGIC Gamma Telescope,CTABGAN,Extra Trees,0,0.9401459854014599,0.005039492743846233,2,0.940 ± 0.005
9. MAGIC Gamma Telescope,CTABGAN,Gradient Boosting,0,0.9274533657745335,0.007255092951995699,2,0.927 ± 0.007
9. MAGIC Gamma Telescope,CTABGAN,KNN,0,0.9128548256285484,0.00599682520212099,2,0.913 ± 0.006
9. MAGIC Gamma Telescope,CTABGAN,Logistic Regression,0,0.9061638280616382,0.00689900091423737,2,0.906 ± 0.007
9. MAGIC Gamma Telescope,CTABGAN,MLP,0,0.8682887266828873,0.01031443973668563,2,0.868 ± 0.010
9. MAGIC Gamma Telescope,CTABGAN,Naive Bayes,0,0.9393755068937552,0.00620384945442475,2,0.939 ± 0.006
9. MAGIC Gamma Telescope,CTABGAN,Random Forest,0,0.939456609894566,0.007789794403949006,2,0.939 ± 0.008
9. MAGIC Gamma Telescope,CTABGAN,SVM-RBF,0,0.9520681265206813,0.006265961366332082,2,0.952 ± 0.006
9. MAGIC Gamma Telescope,CTGAN,AdaBoost,0,0.7484590429845904,0.01382687239358146,2,0.748 ± 0.014
9. MAGIC Gamma Telescope,CTGAN,Decision Tree,0,0.7035279805352799,0.02097767174308732,2,0.704 ± 0.021
9. MAGIC Gamma Telescope,CTGAN,Extra Trees,0,0.7700324412003244,0.01239105490836818,2,0.770 ± 0.012
9. MAGIC Gamma Telescope,CTGAN,Gradient Boosting,0,0.7494728304947282,0.01719192325890418,2,0.749 ± 0.017
9. MAGIC Gamma Telescope,CTGAN,KNN,0,0.7484590429845903,0.01804067845583401,2,0.748 ± 0.018
9. MAGIC Gamma Telescope,CTGAN,Logistic Regression,0,0.8213706407137064,0.01110141299813693,2,0.821 ± 0.011
9. MAGIC Gamma Telescope,CTGAN,MLP,0,0.7761151662611517,0.01852671087213731,2,0.776 ± 0.019
9. MAGIC Gamma Telescope,CTGAN,Naive Bayes,0,0.8964720194647201,0.008596631160187631,2,0.896 ± 0.009
9. MAGIC Gamma Telescope,CTGAN,Random Forest,0,0.7548256285482563,0.01664707005380459,2,0.755 ± 0.017
9. MAGIC Gamma Telescope,CTGAN,SVM-RBF,0,0.7923357664233576,0.01214441273758784,2,0.792 ± 0.012
9. MAGIC Gamma Telescope,CopulaGAN,AdaBoost,0,0.7849553933495539,0.01737673195106933,2,0.785 ± 0.017
9. MAGIC Gamma Telescope,CopulaGAN,Decision Tree,0,0.697161394971614,0.0298904996708436,2,0.697 ± 0.030
9. MAGIC Gamma Telescope,CopulaGAN,Extra Trees,0,0.8587591240875913,0.01115284222913871,2,0.859 ± 0.011
9. MAGIC Gamma Telescope,CopulaGAN,Gradient Boosting,0,0.8429440389294405,0.01442522376989725,2,0.843 ± 0.014
9. MAGIC Gamma Telescope,CopulaGAN,KNN,0,0.8289943227899432,0.01868720322520718,2,0.829 ± 0.019
9. MAGIC Gamma Telescope,CopulaGAN,Logistic Regression,0,0.8459448499594483,0.01002114467325076,2,0.846 ± 0.010
9. MAGIC Gamma Telescope,CopulaGAN,MLP,0,0.8096512570965126,0.02577123624490045,2,0.810 ± 0.026
9. MAGIC Gamma Telescope,CopulaGAN,Naive Bayes,0,0.8887672343876722,0.009054978425992507,2,0.889 ± 0.009
9. MAGIC Gamma Telescope,CopulaGAN,Random Forest,0,0.8388077858880779,0.01332689138981339,2,0.839 ± 0.013
9. MAGIC Gamma Telescope,CopulaGAN,SVM-RBF,0,0.861962692619627,0.01579031895331558,2,0.862 ± 0.016
9. MAGIC Gamma Telescope,ForestDiffusion,AdaBoost,0,0.8745742092457421,0.01310641807679548,2,0.875 ± 0.013
9. MAGIC Gamma Telescope,ForestDiffusion,Decision Tree,0,0.8282643957826439,0.01861861542510931,2,0.828 ± 0.019
9. MAGIC Gamma Telescope,ForestDiffusion,Extra Trees,0,0.9345498783454989,0.005416927649471715,2,0.935 ± 0.005
9. MAGIC Gamma Telescope,ForestDiffusion,Gradient Boosting,0,0.9104217356042174,0.008035850504221885,2,0.910 ± 0.008
9. MAGIC Gamma Telescope,ForestDiffusion,KNN,0,0.9288726682887267,0.006476063188216411,2,0.929 ± 0.006
9. MAGIC Gamma Telescope,ForestDiffusion,Logistic Regression,0,0.893227899432279,0.005926765139495842,2,0.893 ± 0.006
9. MAGIC Gamma Telescope,ForestDiffusion,MLP,0,0.8650851581508515,0.01097897705593904,2,0.865 ± 0.011
9. MAGIC Gamma Telescope,ForestDiffusion,Naive Bayes,0,0.8962692619626924,0.008747852529598608,2,0.896 ± 0.009
9. MAGIC Gamma Telescope,ForestDiffusion,Random Forest,0,0.9207218167072183,0.004809243824550042,2,0.921 ± 0.005
9. MAGIC Gamma Telescope,ForestDiffusion,SVM-RBF,0,0.8949310624493109,0.006238739939927192,2,0.895 ± 0.006
9. MAGIC Gamma Telescope,GaussianCopula,AdaBoost,0,0.9210867802108679,0.01547792922156303,2,0.921 ± 0.015
9. MAGIC Gamma Telescope,GaussianCopula,Decision Tree,0,0.7898215733982157,0.0343244198218776,2,0.790 ± 0.034
9. MAGIC Gamma Telescope,GaussianCopula,Extra Trees,0,0.9426196269261963,0.008110806959018613,2,0.943 ± 0.008
9. MAGIC Gamma Telescope,GaussianCopula,Gradient Boosting,0,0.9312246553122467,0.01366675808832399,2,0.931 ± 0.014
9. MAGIC Gamma Telescope,GaussianCopula,KNN,0,0.8856447688564476,0.009764410594312876,2,0.886 ± 0.010
9. MAGIC Gamma Telescope,GaussianCopula,Logistic Regression,0,0.9400243309002432,0.004720201614808552,2,0.940 ± 0.005
9. MAGIC Gamma Telescope,GaussianCopula,MLP,0,0.856447688564477,0.02238868866445536,2,0.856 ± 0.022
9. MAGIC Gamma Telescope,GaussianCopula,Naive Bayes,0,0.8997972424979725,0.008767849578490665,2,0.900 ± 0.009
9. MAGIC Gamma Telescope,GaussianCopula,Random Forest,0,0.9446472019464721,0.01012692027746647,2,0.945 ± 0.010
9. MAGIC Gamma Telescope,GaussianCopula,SVM-RBF,0,0.9746958637469587,0.004387065153705926,2,0.975 ± 0.004
9. MAGIC Gamma Telescope,TVAE,AdaBoost,0,0.8371857258718572,0.01321661677837165,2,0.837 ± 0.013
9. MAGIC Gamma Telescope,TVAE,Decision Tree,0,0.6718978102189781,0.02513568323614602,2,0.672 ± 0.025
9. MAGIC Gamma Telescope,TVAE,Extra Trees,0,0.8114760746147608,0.01367307358219831,2,0.811 ± 0.014
9. MAGIC Gamma Telescope,TVAE,Gradient Boosting,0,0.7739253852392538,0.01248597752969522,2,0.774 ± 0.012
9. MAGIC Gamma Telescope,TVAE,KNN,0,0.8479724249797241,0.01218901475522435,2,0.848 ± 0.012
9. MAGIC Gamma Telescope,TVAE,Logistic Regression,0,0.7875912408759125,0.01149947891306803,2,0.788 ± 0.011
9. MAGIC Gamma Telescope,TVAE,MLP,0,0.6874695863746958,0.02177585365607323,2,0.687 ± 0.022
9. MAGIC Gamma Telescope,TVAE,Naive Bayes,0,0.7195458231954581,0.01103447979582155,2,0.720 ± 0.011
9. MAGIC Gamma Telescope,TVAE,Random Forest,0,0.7953365774533658,0.01528210611131701,2,0.795 ± 0.015
9. MAGIC Gamma Telescope,TVAE,SVM-RBF,0,0.8127737226277372,0.01771228078099782,2,0.813 ± 0.018
9. MAGIC Gamma Telescope,TabDDPM,AdaBoost,0,0.9821167883211679,0.01484589266800504,2,0.982 ± 0.015
9. MAGIC Gamma Telescope,TabDDPM,Decision Tree,0,0.6658556366585564,0.01322749913244128,2,0.666 ± 0.013
9. MAGIC Gamma Telescope,TabDDPM,Extra Trees,0,0.9252635847526356,0.0112760153608929,2,0.925 ± 0.011
9. MAGIC Gamma Telescope,TabDDPM,Gradient Boosting,0,0.8974452554744528,0.01186774144616095,2,0.897 ± 0.012
9. MAGIC Gamma Telescope,TabDDPM,KNN,0,0.8019059205190592,0.01278401727314183,2,0.802 ± 0.013
9. MAGIC Gamma Telescope,TabDDPM,Logistic Regression,0,0.999918896999189,0.0002433090024331008,2,1.000 ± 0.000
9. MAGIC Gamma Telescope,TabDDPM,MLP,0,0.8621654501216545,0.02189289091961426,2,0.862 ± 0.022
9. MAGIC Gamma Telescope,TabDDPM,Naive Bayes,0,0.9962692619626925,0.008536644668052942,2,0.996 ± 0.009
9. MAGIC Gamma Telescope,TabDDPM,Random Forest,0,0.9255879967558801,0.009997815966181945,2,0.926 ± 0.010
9. MAGIC Gamma Telescope,TabDDPM,SVM-RBF,0,0.9998783454987834,0.0002596562951108327,2,1.000 ± 0.000
9. MAGIC Gamma Telescope,WGAN_GP,AdaBoost,0,0.8875912408759123,0.01180292503018602,2,0.888 ± 0.012
9. MAGIC Gamma Telescope,WGAN_GP,Decision Tree,0,0.7658150851581509,0.03254355810782703,2,0.766 ± 0.033
9. MAGIC Gamma Telescope,WGAN_GP,Extra Trees,0,0.9146390916463909,0.0084930952473818,2,0.915 ± 0.008
9. MAGIC Gamma Telescope,WGAN_GP,Gradient Boosting,0,0.8859691808596917,0.0114176780345672,2,0.886 ± 0.011
9. MAGIC Gamma Telescope,WGAN_GP,KNN,0,0.9116382806163829,0.006854163300157187,2,0.912 ± 0.007
9. MAGIC Gamma Telescope,WGAN_GP,Logistic Regression,0,0.8826034063260341,0.01007971965278705,2,0.883 ± 0.010
9. MAGIC Gamma Telescope,WGAN_GP,MLP,0,0.851419302514193,0.00902979118229802,2,0.851 ± 0.009
9. MAGIC Gamma Telescope,WGAN_GP,Naive Bayes,0,0.8911192214111923,0.007621632655803933,2,0.891 ± 0.008
9. MAGIC Gamma Telescope,WGAN_GP,Random Forest,0,0.9002027575020277,0.01152326379658764,2,0.900 ± 0.012
9. MAGIC Gamma Telescope,WGAN_GP,SVM-RBF,0,0.9192214111922141,0.008443675442061005,2,0.919 ± 0.008
